[
    {
        "pk": 22, 
        "model": "auth.permission", 
        "fields": {
            "codename": "add_logentry", 
            "name": "Can add log entry", 
            "content_type": 8
        }
    }, 
    {
        "pk": 23, 
        "model": "auth.permission", 
        "fields": {
            "codename": "change_logentry", 
            "name": "Can change log entry", 
            "content_type": 8
        }
    }, 
    {
        "pk": 24, 
        "model": "auth.permission", 
        "fields": {
            "codename": "delete_logentry", 
            "name": "Can delete log entry", 
            "content_type": 8
        }
    }, 
    {
        "pk": 4, 
        "model": "auth.permission", 
        "fields": {
            "codename": "add_group", 
            "name": "Can add group", 
            "content_type": 2
        }
    }, 
    {
        "pk": 10, 
        "model": "auth.permission", 
        "fields": {
            "codename": "add_message", 
            "name": "Can add message", 
            "content_type": 4
        }
    }, 
    {
        "pk": 1, 
        "model": "auth.permission", 
        "fields": {
            "codename": "add_permission", 
            "name": "Can add permission", 
            "content_type": 1
        }
    }, 
    {
        "pk": 7, 
        "model": "auth.permission", 
        "fields": {
            "codename": "add_user", 
            "name": "Can add user", 
            "content_type": 3
        }
    }, 
    {
        "pk": 5, 
        "model": "auth.permission", 
        "fields": {
            "codename": "change_group", 
            "name": "Can change group", 
            "content_type": 2
        }
    }, 
    {
        "pk": 11, 
        "model": "auth.permission", 
        "fields": {
            "codename": "change_message", 
            "name": "Can change message", 
            "content_type": 4
        }
    }, 
    {
        "pk": 2, 
        "model": "auth.permission", 
        "fields": {
            "codename": "change_permission", 
            "name": "Can change permission", 
            "content_type": 1
        }
    }, 
    {
        "pk": 8, 
        "model": "auth.permission", 
        "fields": {
            "codename": "change_user", 
            "name": "Can change user", 
            "content_type": 3
        }
    }, 
    {
        "pk": 6, 
        "model": "auth.permission", 
        "fields": {
            "codename": "delete_group", 
            "name": "Can delete group", 
            "content_type": 2
        }
    }, 
    {
        "pk": 12, 
        "model": "auth.permission", 
        "fields": {
            "codename": "delete_message", 
            "name": "Can delete message", 
            "content_type": 4
        }
    }, 
    {
        "pk": 3, 
        "model": "auth.permission", 
        "fields": {
            "codename": "delete_permission", 
            "name": "Can delete permission", 
            "content_type": 1
        }
    }, 
    {
        "pk": 9, 
        "model": "auth.permission", 
        "fields": {
            "codename": "delete_user", 
            "name": "Can delete user", 
            "content_type": 3
        }
    }, 
    {
        "pk": 13, 
        "model": "auth.permission", 
        "fields": {
            "codename": "add_contenttype", 
            "name": "Can add content type", 
            "content_type": 5
        }
    }, 
    {
        "pk": 14, 
        "model": "auth.permission", 
        "fields": {
            "codename": "change_contenttype", 
            "name": "Can change content type", 
            "content_type": 5
        }
    }, 
    {
        "pk": 15, 
        "model": "auth.permission", 
        "fields": {
            "codename": "delete_contenttype", 
            "name": "Can delete content type", 
            "content_type": 5
        }
    }, 
    {
        "pk": 34, 
        "model": "auth.permission", 
        "fields": {
            "codename": "add_report", 
            "name": "Can add report", 
            "content_type": 12
        }
    }, 
    {
        "pk": 28, 
        "model": "auth.permission", 
        "fields": {
            "codename": "add_school", 
            "name": "Can add school", 
            "content_type": 10
        }
    }, 
    {
        "pk": 31, 
        "model": "auth.permission", 
        "fields": {
            "codename": "add_schoolclass", 
            "name": "Can add school class", 
            "content_type": 11
        }
    }, 
    {
        "pk": 25, 
        "model": "auth.permission", 
        "fields": {
            "codename": "add_village", 
            "name": "Can add village", 
            "content_type": 9
        }
    }, 
    {
        "pk": 35, 
        "model": "auth.permission", 
        "fields": {
            "codename": "change_report", 
            "name": "Can change report", 
            "content_type": 12
        }
    }, 
    {
        "pk": 29, 
        "model": "auth.permission", 
        "fields": {
            "codename": "change_school", 
            "name": "Can change school", 
            "content_type": 10
        }
    }, 
    {
        "pk": 32, 
        "model": "auth.permission", 
        "fields": {
            "codename": "change_schoolclass", 
            "name": "Can change school class", 
            "content_type": 11
        }
    }, 
    {
        "pk": 26, 
        "model": "auth.permission", 
        "fields": {
            "codename": "change_village", 
            "name": "Can change village", 
            "content_type": 9
        }
    }, 
    {
        "pk": 36, 
        "model": "auth.permission", 
        "fields": {
            "codename": "delete_report", 
            "name": "Can delete report", 
            "content_type": 12
        }
    }, 
    {
        "pk": 30, 
        "model": "auth.permission", 
        "fields": {
            "codename": "delete_school", 
            "name": "Can delete school", 
            "content_type": 10
        }
    }, 
    {
        "pk": 33, 
        "model": "auth.permission", 
        "fields": {
            "codename": "delete_schoolclass", 
            "name": "Can delete school class", 
            "content_type": 11
        }
    }, 
    {
        "pk": 27, 
        "model": "auth.permission", 
        "fields": {
            "codename": "delete_village", 
            "name": "Can delete village", 
            "content_type": 9
        }
    }, 
    {
        "pk": 43, 
        "model": "auth.permission", 
        "fields": {
            "codename": "add_maximal", 
            "name": "Can add maximal", 
            "content_type": 15
        }
    }, 
    {
        "pk": 40, 
        "model": "auth.permission", 
        "fields": {
            "codename": "add_place", 
            "name": "Can add place", 
            "content_type": 14
        }
    }, 
    {
        "pk": 37, 
        "model": "auth.permission", 
        "fields": {
            "codename": "add_product", 
            "name": "Can add product", 
            "content_type": 13
        }
    }, 
    {
        "pk": 46, 
        "model": "auth.permission", 
        "fields": {
            "codename": "add_report", 
            "name": "Can add report", 
            "content_type": 16
        }
    }, 
    {
        "pk": 44, 
        "model": "auth.permission", 
        "fields": {
            "codename": "change_maximal", 
            "name": "Can change maximal", 
            "content_type": 15
        }
    }, 
    {
        "pk": 41, 
        "model": "auth.permission", 
        "fields": {
            "codename": "change_place", 
            "name": "Can change place", 
            "content_type": 14
        }
    }, 
    {
        "pk": 38, 
        "model": "auth.permission", 
        "fields": {
            "codename": "change_product", 
            "name": "Can change product", 
            "content_type": 13
        }
    }, 
    {
        "pk": 47, 
        "model": "auth.permission", 
        "fields": {
            "codename": "change_report", 
            "name": "Can change report", 
            "content_type": 16
        }
    }, 
    {
        "pk": 45, 
        "model": "auth.permission", 
        "fields": {
            "codename": "delete_maximal", 
            "name": "Can delete maximal", 
            "content_type": 15
        }
    }, 
    {
        "pk": 42, 
        "model": "auth.permission", 
        "fields": {
            "codename": "delete_place", 
            "name": "Can delete place", 
            "content_type": 14
        }
    }, 
    {
        "pk": 39, 
        "model": "auth.permission", 
        "fields": {
            "codename": "delete_product", 
            "name": "Can delete product", 
            "content_type": 13
        }
    }, 
    {
        "pk": 48, 
        "model": "auth.permission", 
        "fields": {
            "codename": "delete_report", 
            "name": "Can delete report", 
            "content_type": 16
        }
    }, 
    {
        "pk": 16, 
        "model": "auth.permission", 
        "fields": {
            "codename": "add_session", 
            "name": "Can add session", 
            "content_type": 6
        }
    }, 
    {
        "pk": 17, 
        "model": "auth.permission", 
        "fields": {
            "codename": "change_session", 
            "name": "Can change session", 
            "content_type": 6
        }
    }, 
    {
        "pk": 18, 
        "model": "auth.permission", 
        "fields": {
            "codename": "delete_session", 
            "name": "Can delete session", 
            "content_type": 6
        }
    }, 
    {
        "pk": 19, 
        "model": "auth.permission", 
        "fields": {
            "codename": "add_site", 
            "name": "Can add site", 
            "content_type": 7
        }
    }, 
    {
        "pk": 20, 
        "model": "auth.permission", 
        "fields": {
            "codename": "change_site", 
            "name": "Can change site", 
            "content_type": 7
        }
    }, 
    {
        "pk": 21, 
        "model": "auth.permission", 
        "fields": {
            "codename": "delete_site", 
            "name": "Can delete site", 
            "content_type": 7
        }
    }, 
    {
        "pk": 1, 
        "model": "auth.group", 
        "fields": {
            "name": "Census-Admin", 
            "permissions": [
                22, 
                23, 
                24, 
                4, 
                10, 
                1, 
                7, 
                5, 
                11, 
                2, 
                8, 
                6, 
                12, 
                3, 
                9, 
                13, 
                14, 
                15, 
                34, 
                28, 
                31, 
                25, 
                35, 
                29, 
                32, 
                26, 
                36, 
                30, 
                33, 
                27, 
                16, 
                17, 
                18, 
                19, 
                20, 
                21
            ]
        }
    }, 
    {
        "pk": 2, 
        "model": "auth.group", 
        "fields": {
            "name": "Stock-Admin", 
            "permissions": [
                22, 
                23, 
                24, 
                4, 
                10, 
                1, 
                7, 
                5, 
                11, 
                2, 
                8, 
                6, 
                12, 
                3, 
                9, 
                13, 
                14, 
                15, 
                43, 
                40, 
                37, 
                46, 
                44, 
                41, 
                38, 
                47, 
                45, 
                42, 
                39, 
                48, 
                16, 
                17, 
                18, 
                19, 
                20, 
                21
            ]
        }
    }, 
    {
        "pk": 3, 
        "model": "auth.group", 
        "fields": {
            "name": "Stock-Reporter", 
            "permissions": [
                40, 
                37, 
                46, 
                44, 
                41, 
                38, 
                47, 
                45, 
                42, 
                39, 
                48
            ]
        }
    }, 
    {
        "pk": 4, 
        "model": "auth.group", 
        "fields": {
            "name": "Census-Reporter", 
            "permissions": [
                34, 
                28, 
                31, 
                25, 
                35, 
                29, 
                32, 
                26, 
                36, 
                30, 
                33, 
                27
            ]
        }
    }, 
    {
        "pk": 5, 
        "model": "auth.group", 
        "fields": {
            "name": "Standard", 
            "permissions": [
                22, 
                23, 
                24, 
                4, 
                10, 
                1, 
                7, 
                5, 
                11, 
                2, 
                8, 
                6, 
                12, 
                3, 
                9, 
                13, 
                14, 
                15, 
                34, 
                28, 
                31, 
                25, 
                35, 
                29, 
                32, 
                26, 
                36, 
                30, 
                33, 
                27, 
                43, 
                40, 
                37, 
                46, 
                44, 
                41, 
                38, 
                47, 
                45, 
                42, 
                39, 
                48, 
                16, 
                17, 
                18, 
                19, 
                20, 
                21
            ]
        }
    }, 
    {
        "pk": 6, 
        "model": "auth.group", 
        "fields": {
            "name": "Guest", 
            "permissions": []
        }
    }, 
    {
        "pk": 7, 
        "model": "auth.group", 
        "fields": {
            "name": "Stock_Data_Entry", 
            "permissions": []
        }
    }, 
    {
        "pk": 8, 
        "model": "auth.group", 
        "fields": {
            "name": "Census_Data_Entry", 
            "permissions": []
        }
    }, 
    {
        "pk": 1, 
        "model": "auth.user", 
        "fields": {
            "username": "admin", 
            "first_name": "", 
            "last_name": "", 
            "is_active": true, 
            "is_superuser": true, 
            "is_staff": true, 
            "last_login": "2010-08-03 11:47:03", 
            "groups": [
                5
            ], 
            "user_permissions": [], 
            "password": "sha1$02448$904efff61c6c2730de0b31b1bf718c2e47a1e832", 
            "email": "admin@admin.ad", 
            "date_joined": "2010-07-19 08:43:46"
        }
    }, 
    {
        "pk": 5, 
        "model": "contenttypes.contenttype", 
        "fields": {
            "model": "contenttype", 
            "name": "content type", 
            "app_label": "contenttypes"
        }
    }, 
    {
        "pk": 2, 
        "model": "contenttypes.contenttype", 
        "fields": {
            "model": "group", 
            "name": "group", 
            "app_label": "auth"
        }
    }, 
    {
        "pk": 8, 
        "model": "contenttypes.contenttype", 
        "fields": {
            "model": "logentry", 
            "name": "log entry", 
            "app_label": "admin"
        }
    }, 
    {
        "pk": 15, 
        "model": "contenttypes.contenttype", 
        "fields": {
            "model": "maximal", 
            "name": "maximal", 
            "app_label": "django_stock"
        }
    }, 
    {
        "pk": 4, 
        "model": "contenttypes.contenttype", 
        "fields": {
            "model": "message", 
            "name": "message", 
            "app_label": "auth"
        }
    }, 
    {
        "pk": 1, 
        "model": "contenttypes.contenttype", 
        "fields": {
            "model": "permission", 
            "name": "permission", 
            "app_label": "auth"
        }
    }, 
    {
        "pk": 14, 
        "model": "contenttypes.contenttype", 
        "fields": {
            "model": "place", 
            "name": "place", 
            "app_label": "django_stock"
        }
    }, 
    {
        "pk": 13, 
        "model": "contenttypes.contenttype", 
        "fields": {
            "model": "product", 
            "name": "product", 
            "app_label": "django_stock"
        }
    }, 
    {
        "pk": 12, 
        "model": "contenttypes.contenttype", 
        "fields": {
            "model": "report", 
            "name": "report", 
            "app_label": "django_census"
        }
    }, 
    {
        "pk": 16, 
        "model": "contenttypes.contenttype", 
        "fields": {
            "model": "report", 
            "name": "report", 
            "app_label": "django_stock"
        }
    }, 
    {
        "pk": 10, 
        "model": "contenttypes.contenttype", 
        "fields": {
            "model": "school", 
            "name": "school", 
            "app_label": "django_census"
        }
    }, 
    {
        "pk": 11, 
        "model": "contenttypes.contenttype", 
        "fields": {
            "model": "schoolclass", 
            "name": "school class", 
            "app_label": "django_census"
        }
    }, 
    {
        "pk": 6, 
        "model": "contenttypes.contenttype", 
        "fields": {
            "model": "session", 
            "name": "session", 
            "app_label": "sessions"
        }
    }, 
    {
        "pk": 7, 
        "model": "contenttypes.contenttype", 
        "fields": {
            "model": "site", 
            "name": "site", 
            "app_label": "sites"
        }
    }, 
    {
        "pk": 3, 
        "model": "contenttypes.contenttype", 
        "fields": {
            "model": "user", 
            "name": "user", 
            "app_label": "auth"
        }
    }, 
    {
        "pk": 9, 
        "model": "contenttypes.contenttype", 
        "fields": {
            "model": "village", 
            "name": "village", 
            "app_label": "django_census"
        }
    }, 
    {
        "pk": "ab3125aa8496b1e6db0b7f7d0498a759", 
        "model": "sessions.session", 
        "fields": {
            "expire_date": "2010-08-17 11:47:03", 
            "session_data": "gAJ9cQEoVQ1fYXV0aF91c2VyX2lkcQJLAVUSX2F1dGhfdXNlcl9iYWNrZW5kcQNVKWRqYW5nby5j\nb250cmliLmF1dGguYmFja2VuZHMuTW9kZWxCYWNrZW5kcQR1LmY1YmNhMTM5ZWMxMGZlYTUzNWYy\nODhiYjEyYWYzMDY5\n"
        }
    }, 
    {
        "pk": "456a3e46b6c8f41f45fa6563a75a002e", 
        "model": "sessions.session", 
        "fields": {
            "expire_date": "2010-08-12 07:50:02", 
            "session_data": "gAJ9cQEuMDU2N2I3YzNkNjM0MjFhOGNhOGRjYmRmMWNmZjNlMDg=\n"
        }
    }, 
    {
        "pk": "4f7aac14e81a6fc1fe44f28524ee4321", 
        "model": "sessions.session", 
        "fields": {
            "expire_date": "2010-08-12 07:50:08", 
            "session_data": "gAJ9cQEuMDU2N2I3YzNkNjM0MjFhOGNhOGRjYmRmMWNmZjNlMDg=\n"
        }
    }, 
    {
        "pk": "a250b02f251e2c7b410d55e78afe2ab2", 
        "model": "sessions.session", 
        "fields": {
            "expire_date": "2010-08-12 08:17:22", 
            "session_data": "gAJ9cQEoVRJfYXV0aF91c2VyX2JhY2tlbmRxAlUpZGphbmdvLmNvbnRyaWIuYXV0aC5iYWNrZW5k\ncy5Nb2RlbEJhY2tlbmRxA1UNX2F1dGhfdXNlcl9pZHEESwF1LjBiZDA5YjBkMWQyNDg4YzdmZGEx\nN2M5MDMwYjI1ODli\n"
        }
    }, 
    {
        "pk": "59460766d371806c5aa4981c73e6fedc", 
        "model": "sessions.session", 
        "fields": {
            "expire_date": "2010-08-11 20:33:19", 
            "session_data": "gAJ9cQEoVRJfYXV0aF91c2VyX2JhY2tlbmRxAlUpZGphbmdvLmNvbnRyaWIuYXV0aC5iYWNrZW5k\ncy5Nb2RlbEJhY2tlbmRxA1UNX2F1dGhfdXNlcl9pZHEESwF1LjBiZDA5YjBkMWQyNDg4YzdmZGEx\nN2M5MDMwYjI1ODli\n"
        }
    }, 
    {
        "pk": 1, 
        "model": "sites.site", 
        "fields": {
            "domain": "example.com", 
            "name": "example.com"
        }
    }, 
    {
        "pk": 57, 
        "model": "admin.logentry", 
        "fields": {
            "action_flag": 2, 
            "action_time": "2010-08-04 10:02:39", 
            "object_repr": "Boumoukoro ", 
            "object_id": "11", 
            "change_message": "Modifi\u00e9 name.", 
            "user": 1, 
            "content_type": 10
        }
    }, 
    {
        "pk": 56, 
        "model": "admin.logentry", 
        "fields": {
            "action_flag": 2, 
            "action_time": "2010-08-04 09:49:55", 
            "object_repr": "Mil  Farakou 1000.0 15.0", 
            "object_id": "4", 
            "change_message": "Modifi\u00e9 stock_maximal.", 
            "user": 1, 
            "content_type": 15
        }
    }, 
    {
        "pk": 55, 
        "model": "admin.logentry", 
        "fields": {
            "action_flag": 2, 
            "action_time": "2010-08-04 09:49:47", 
            "object_repr": "Mil  Babougou 1000.0 15.0", 
            "object_id": "14", 
            "change_message": "Modifi\u00e9 stock_maximal.", 
            "user": 1, 
            "content_type": 15
        }
    }, 
    {
        "pk": 54, 
        "model": "admin.logentry", 
        "fields": {
            "action_flag": 2, 
            "action_time": "2010-08-04 09:49:39", 
            "object_repr": "Mil  Wena 1000.0 15.0", 
            "object_id": "18", 
            "change_message": "Modifi\u00e9 stock_maximal.", 
            "user": 1, 
            "content_type": 15
        }
    }, 
    {
        "pk": 53, 
        "model": "admin.logentry", 
        "fields": {
            "action_flag": 2, 
            "action_time": "2010-08-04 09:49:30", 
            "object_repr": "Mil  Tiby 1000.0 15.0", 
            "object_id": "19", 
            "change_message": "Modifi\u00e9 stock_maximal.", 
            "user": 1, 
            "content_type": 15
        }
    }, 
    {
        "pk": 52, 
        "model": "admin.logentry", 
        "fields": {
            "action_flag": 2, 
            "action_time": "2010-08-04 09:49:22", 
            "object_repr": "Mil  Kolomi 1000.0 15.0", 
            "object_id": "20", 
            "change_message": "Modifi\u00e9 stock_maximal.", 
            "user": 1, 
            "content_type": 15
        }
    }, 
    {
        "pk": 51, 
        "model": "admin.logentry", 
        "fields": {
            "action_flag": 2, 
            "action_time": "2010-08-04 09:48:43", 
            "object_repr": "Riz  Farakou 1000.0 15.0", 
            "object_id": "24", 
            "change_message": "Modifi\u00e9 stock_maximal.", 
            "user": 1, 
            "content_type": 15
        }
    }, 
    {
        "pk": 50, 
        "model": "admin.logentry", 
        "fields": {
            "action_flag": 2, 
            "action_time": "2010-08-04 09:48:35", 
            "object_repr": "Riz  Babougou 1000.0 15.0", 
            "object_id": "34", 
            "change_message": "Modifi\u00e9 stock_maximal.", 
            "user": 1, 
            "content_type": 15
        }
    }, 
    {
        "pk": 49, 
        "model": "admin.logentry", 
        "fields": {
            "action_flag": 2, 
            "action_time": "2010-08-04 09:48:28", 
            "object_repr": "Riz  Wena 1000.0 15.0", 
            "object_id": "38", 
            "change_message": "Modifi\u00e9 stock_maximal.", 
            "user": 1, 
            "content_type": 15
        }
    }, 
    {
        "pk": 48, 
        "model": "admin.logentry", 
        "fields": {
            "action_flag": 2, 
            "action_time": "2010-08-04 09:48:20", 
            "object_repr": "Riz  Tiby 1000.0 15.0", 
            "object_id": "39", 
            "change_message": "Modifi\u00e9 stock_maximal.", 
            "user": 1, 
            "content_type": 15
        }
    }, 
    {
        "pk": 47, 
        "model": "admin.logentry", 
        "fields": {
            "action_flag": 2, 
            "action_time": "2010-08-04 09:48:10", 
            "object_repr": "Riz  Kolomi 1000.0 15.0", 
            "object_id": "40", 
            "change_message": "Modifi\u00e9 stock_maximal.", 
            "user": 1, 
            "content_type": 15
        }
    }, 
    {
        "pk": 46, 
        "model": "admin.logentry", 
        "fields": {
            "action_flag": 2, 
            "action_time": "2010-08-04 09:47:59", 
            "object_repr": "Riz grain  Kolomi 1000.0 15.0", 
            "object_id": "41", 
            "change_message": "Modifi\u00e9 stock_maximal.", 
            "user": 1, 
            "content_type": 15
        }
    }, 
    {
        "pk": 45, 
        "model": "admin.logentry", 
        "fields": {
            "action_flag": 2, 
            "action_time": "2010-08-04 09:47:53", 
            "object_repr": "Riz grain  Tiby 1000.0 15.0", 
            "object_id": "42", 
            "change_message": "Modifi\u00e9 stock_maximal.", 
            "user": 1, 
            "content_type": 15
        }
    }, 
    {
        "pk": 44, 
        "model": "admin.logentry", 
        "fields": {
            "action_flag": 2, 
            "action_time": "2010-08-04 09:47:44", 
            "object_repr": "Riz grain  Wena 1000.0 15.0", 
            "object_id": "43", 
            "change_message": "Modifi\u00e9 stock_maximal.", 
            "user": 1, 
            "content_type": 15
        }
    }, 
    {
        "pk": 43, 
        "model": "admin.logentry", 
        "fields": {
            "action_flag": 2, 
            "action_time": "2010-08-04 09:47:32", 
            "object_repr": "Riz grain  Farakou 1000.0 15.0", 
            "object_id": "47", 
            "change_message": "Modifi\u00e9 stock_maximal.", 
            "user": 1, 
            "content_type": 15
        }
    }, 
    {
        "pk": 42, 
        "model": "admin.logentry", 
        "fields": {
            "action_flag": 2, 
            "action_time": "2010-08-04 09:47:25", 
            "object_repr": "Riz grain  Babougou 1000.0 15.0", 
            "object_id": "57", 
            "change_message": "Modifi\u00e9 stock_maximal.", 
            "user": 1, 
            "content_type": 15
        }
    }, 
    {
        "pk": 41, 
        "model": "admin.logentry", 
        "fields": {
            "action_flag": 2, 
            "action_time": "2010-08-04 09:47:18", 
            "object_repr": "Mil  Konou 1000.0 15.0", 
            "object_id": "58", 
            "change_message": "Modifi\u00e9 stock_maximal.", 
            "user": 1, 
            "content_type": 15
        }
    }, 
    {
        "pk": 40, 
        "model": "admin.logentry", 
        "fields": {
            "action_flag": 2, 
            "action_time": "2010-08-04 09:47:12", 
            "object_repr": "Riz  Konou 1000.0 15.0", 
            "object_id": "59", 
            "change_message": "Modifi\u00e9 stock_maximal.", 
            "user": 1, 
            "content_type": 15
        }
    }, 
    {
        "pk": 39, 
        "model": "admin.logentry", 
        "fields": {
            "action_flag": 2, 
            "action_time": "2010-08-04 09:47:06", 
            "object_repr": "Riz grain  Konou 1000.0 15.0", 
            "object_id": "60", 
            "change_message": "Modifi\u00e9 stock_maximal.", 
            "user": 1, 
            "content_type": 15
        }
    }, 
    {
        "pk": 38, 
        "model": "admin.logentry", 
        "fields": {
            "action_flag": 2, 
            "action_time": "2010-08-04 09:47:00", 
            "object_repr": "Mil  Gouakolomba 1000.0 15.0", 
            "object_id": "61", 
            "change_message": "Modifi\u00e9 stock_maximal.", 
            "user": 1, 
            "content_type": 15
        }
    }, 
    {
        "pk": 37, 
        "model": "admin.logentry", 
        "fields": {
            "action_flag": 2, 
            "action_time": "2010-08-04 09:46:54", 
            "object_repr": "Riz  Gouakolomba 1000.0 15.0", 
            "object_id": "62", 
            "change_message": "Modifi\u00e9 stock_maximal.", 
            "user": 1, 
            "content_type": 15
        }
    }, 
    {
        "pk": 36, 
        "model": "admin.logentry", 
        "fields": {
            "action_flag": 2, 
            "action_time": "2010-08-04 09:46:47", 
            "object_repr": "Riz grain  Gouakolomba 1000.0 15.0", 
            "object_id": "63", 
            "change_message": "Modifi\u00e9 stock_maximal.", 
            "user": 1, 
            "content_type": 15
        }
    }, 
    {
        "pk": 35, 
        "model": "admin.logentry", 
        "fields": {
            "action_flag": 3, 
            "action_time": "2010-08-03 12:05:48", 
            "object_repr": "Gjuidjo Alimamy ", 
            "object_id": "16", 
            "change_message": "", 
            "user": 1, 
            "content_type": 10
        }
    }, 
    {
        "pk": 34, 
        "model": "admin.logentry", 
        "fields": {
            "action_flag": 2, 
            "action_time": "2010-08-03 11:58:54", 
            "object_repr": "Founougouni ", 
            "object_id": "11", 
            "change_message": "Modifi\u00e9 name.", 
            "user": 1, 
            "content_type": 9
        }
    }, 
    {
        "pk": 33, 
        "model": "admin.logentry", 
        "fields": {
            "action_flag": 2, 
            "action_time": "2010-08-03 11:58:39", 
            "object_repr": "Founougouni ", 
            "object_id": "7", 
            "change_message": "Modifi\u00e9 name.", 
            "user": 1, 
            "content_type": 10
        }
    }, 
    {
        "pk": 32, 
        "model": "admin.logentry", 
        "fields": {
            "action_flag": 1, 
            "action_time": "2010-08-03 11:55:17", 
            "object_repr": "Senenkou ", 
            "object_id": "26", 
            "change_message": "", 
            "user": 1, 
            "content_type": 10
        }
    }, 
    {
        "pk": 31, 
        "model": "admin.logentry", 
        "fields": {
            "action_flag": 1, 
            "action_time": "2010-08-03 11:53:07", 
            "object_repr": "Dioro V ", 
            "object_id": "25", 
            "change_message": "", 
            "user": 1, 
            "content_type": 10
        }
    }, 
    {
        "pk": 30, 
        "model": "admin.logentry", 
        "fields": {
            "action_flag": 2, 
            "action_time": "2010-08-03 11:52:41", 
            "object_repr": "Dioro I ", 
            "object_id": "1", 
            "change_message": "Aucun champ modifi\u00e9.", 
            "user": 1, 
            "content_type": 10
        }
    }, 
    {
        "pk": 29, 
        "model": "admin.logentry", 
        "fields": {
            "action_flag": 2, 
            "action_time": "2010-08-03 11:52:19", 
            "object_repr": "Blombadougou ", 
            "object_id": "18", 
            "change_message": "Modifi\u00e9 name.", 
            "user": 1, 
            "content_type": 9
        }
    }, 
    {
        "pk": 28, 
        "model": "admin.logentry", 
        "fields": {
            "action_flag": 1, 
            "action_time": "2010-08-03 11:52:03", 
            "object_repr": "Senenkou ", 
            "object_id": "22", 
            "change_message": "", 
            "user": 1, 
            "content_type": 9
        }
    }, 
    {
        "pk": 27, 
        "model": "admin.logentry", 
        "fields": {
            "action_flag": 2, 
            "action_time": "2010-08-03 11:51:51", 
            "object_repr": "Boumoukoro ", 
            "object_id": "14", 
            "change_message": "Modifi\u00e9 name.", 
            "user": 1, 
            "content_type": 9
        }
    }, 
    {
        "pk": 26, 
        "model": "admin.logentry", 
        "fields": {
            "action_flag": 2, 
            "action_time": "2010-08-03 11:50:52", 
            "object_repr": "Sok\u00e9 ", 
            "object_id": "6", 
            "change_message": "Modifi\u00e9 name.", 
            "user": 1, 
            "content_type": 10
        }
    }, 
    {
        "pk": 25, 
        "model": "admin.logentry", 
        "fields": {
            "action_flag": 2, 
            "action_time": "2010-08-03 11:50:40", 
            "object_repr": "Sok\u00e9 ", 
            "object_id": "10", 
            "change_message": "Modifi\u00e9 name.", 
            "user": 1, 
            "content_type": 9
        }
    }, 
    {
        "pk": 24, 
        "model": "admin.logentry", 
        "fields": {
            "action_flag": 1, 
            "action_time": "2010-07-29 08:18:11", 
            "object_repr": "Riz grain  Gouakolomba 100.0 15.0", 
            "object_id": "63", 
            "change_message": "", 
            "user": 1, 
            "content_type": 15
        }
    }, 
    {
        "pk": 23, 
        "model": "admin.logentry", 
        "fields": {
            "action_flag": 1, 
            "action_time": "2010-07-29 08:17:58", 
            "object_repr": "Riz  Gouakolomba 100.0 15.0", 
            "object_id": "62", 
            "change_message": "", 
            "user": 1, 
            "content_type": 15
        }
    }, 
    {
        "pk": 22, 
        "model": "admin.logentry", 
        "fields": {
            "action_flag": 1, 
            "action_time": "2010-07-29 08:17:49", 
            "object_repr": "Mil  Gouakolomba 100.0 15.0", 
            "object_id": "61", 
            "change_message": "", 
            "user": 1, 
            "content_type": 15
        }
    }, 
    {
        "pk": 21, 
        "model": "admin.logentry", 
        "fields": {
            "action_flag": 1, 
            "action_time": "2010-07-29 08:14:28", 
            "object_repr": "Riz grain  Konou 100.0 15.0", 
            "object_id": "60", 
            "change_message": "", 
            "user": 1, 
            "content_type": 15
        }
    }, 
    {
        "pk": 20, 
        "model": "admin.logentry", 
        "fields": {
            "action_flag": 1, 
            "action_time": "2010-07-29 08:14:12", 
            "object_repr": "Riz  Konou 100.0 15.0", 
            "object_id": "59", 
            "change_message": "", 
            "user": 1, 
            "content_type": 15
        }
    }, 
    {
        "pk": 19, 
        "model": "admin.logentry", 
        "fields": {
            "action_flag": 1, 
            "action_time": "2010-07-29 08:12:26", 
            "object_repr": "Mil  Konou 100.0 15.0", 
            "object_id": "58", 
            "change_message": "", 
            "user": 1, 
            "content_type": 15
        }
    }, 
    {
        "pk": 18, 
        "model": "admin.logentry", 
        "fields": {
            "action_flag": 2, 
            "action_time": "2010-07-28 18:56:02", 
            "object_repr": "Konou", 
            "object_id": "21", 
            "change_message": "Modifi\u00e9 name et code_place.", 
            "user": 1, 
            "content_type": 14
        }
    }, 
    {
        "pk": 17, 
        "model": "admin.logentry", 
        "fields": {
            "action_flag": 1, 
            "action_time": "2010-07-28 18:55:49", 
            "object_repr": "Gouakolomba", 
            "object_id": "22", 
            "change_message": "", 
            "user": 1, 
            "content_type": 14
        }
    }, 
    {
        "pk": 16, 
        "model": "admin.logentry", 
        "fields": {
            "action_flag": 1, 
            "action_time": "2010-07-28 18:54:41", 
            "object_repr": "konou", 
            "object_id": "21", 
            "change_message": "", 
            "user": 1, 
            "content_type": 14
        }
    }, 
    {
        "pk": 1, 
        "model": "admin.logentry", 
        "fields": {
            "action_flag": 3, 
            "action_time": "2010-07-28 18:53:51", 
            "object_repr": "Bamana", 
            "object_id": "17", 
            "change_message": "", 
            "user": 1, 
            "content_type": 14
        }
    }, 
    {
        "pk": 2, 
        "model": "admin.logentry", 
        "fields": {
            "action_flag": 3, 
            "action_time": "2010-07-28 18:53:51", 
            "object_repr": "Koila", 
            "object_id": "16", 
            "change_message": "", 
            "user": 1, 
            "content_type": 14
        }
    }, 
    {
        "pk": 3, 
        "model": "admin.logentry", 
        "fields": {
            "action_flag": 3, 
            "action_time": "2010-07-28 18:53:51", 
            "object_repr": "Wena Were", 
            "object_id": "15", 
            "change_message": "", 
            "user": 1, 
            "content_type": 14
        }
    }, 
    {
        "pk": 4, 
        "model": "admin.logentry", 
        "fields": {
            "action_flag": 3, 
            "action_time": "2010-07-28 18:53:51", 
            "object_repr": "Blombabougou", 
            "object_id": "13", 
            "change_message": "", 
            "user": 1, 
            "content_type": 14
        }
    }, 
    {
        "pk": 5, 
        "model": "admin.logentry", 
        "fields": {
            "action_flag": 3, 
            "action_time": "2010-07-28 18:53:51", 
            "object_repr": "Gjuidjo Alimamy", 
            "object_id": "12", 
            "change_message": "", 
            "user": 1, 
            "content_type": 14
        }
    }, 
    {
        "pk": 6, 
        "model": "admin.logentry", 
        "fields": {
            "action_flag": 3, 
            "action_time": "2010-07-28 18:53:51", 
            "object_repr": "Songolon", 
            "object_id": "11", 
            "change_message": "", 
            "user": 1, 
            "content_type": 14
        }
    }, 
    {
        "pk": 7, 
        "model": "admin.logentry", 
        "fields": {
            "action_flag": 3, 
            "action_time": "2010-07-28 18:53:51", 
            "object_repr": "Touba", 
            "object_id": "10", 
            "change_message": "", 
            "user": 1, 
            "content_type": 14
        }
    }, 
    {
        "pk": 8, 
        "model": "admin.logentry", 
        "fields": {
            "action_flag": 3, 
            "action_time": "2010-07-28 18:53:51", 
            "object_repr": "Konou", 
            "object_id": "9", 
            "change_message": "", 
            "user": 1, 
            "content_type": 14
        }
    }, 
    {
        "pk": 9, 
        "model": "admin.logentry", 
        "fields": {
            "action_flag": 3, 
            "action_time": "2010-07-28 18:53:51", 
            "object_repr": "Gouakolomba", 
            "object_id": "8", 
            "change_message": "", 
            "user": 1, 
            "content_type": 14
        }
    }, 
    {
        "pk": 10, 
        "model": "admin.logentry", 
        "fields": {
            "action_flag": 3, 
            "action_time": "2010-07-28 18:53:51", 
            "object_repr": "Boumboukoro", 
            "object_id": "7", 
            "change_message": "", 
            "user": 1, 
            "content_type": 14
        }
    }, 
    {
        "pk": 11, 
        "model": "admin.logentry", 
        "fields": {
            "action_flag": 3, 
            "action_time": "2010-07-28 18:53:51", 
            "object_repr": "Dougounikoro", 
            "object_id": "6", 
            "change_message": "", 
            "user": 1, 
            "content_type": 14
        }
    }, 
    {
        "pk": 12, 
        "model": "admin.logentry", 
        "fields": {
            "action_flag": 3, 
            "action_time": "2010-07-28 18:53:51", 
            "object_repr": "Diakoroba", 
            "object_id": "5", 
            "change_message": "", 
            "user": 1, 
            "content_type": 14
        }
    }, 
    {
        "pk": 13, 
        "model": "admin.logentry", 
        "fields": {
            "action_flag": 3, 
            "action_time": "2010-07-28 18:53:51", 
            "object_repr": "Founoukouni", 
            "object_id": "3", 
            "change_message": "", 
            "user": 1, 
            "content_type": 14
        }
    }, 
    {
        "pk": 14, 
        "model": "admin.logentry", 
        "fields": {
            "action_flag": 3, 
            "action_time": "2010-07-28 18:53:51", 
            "object_repr": "Soko", 
            "object_id": "2", 
            "change_message": "", 
            "user": 1, 
            "content_type": 14
        }
    }, 
    {
        "pk": 15, 
        "model": "admin.logentry", 
        "fields": {
            "action_flag": 3, 
            "action_time": "2010-07-28 18:53:51", 
            "object_repr": "Komine", 
            "object_id": "1", 
            "change_message": "", 
            "user": 1, 
            "content_type": 14
        }
    }, 
    {
        "pk": 1, 
        "model": "django_census.village", 
        "fields": {
            "name": "Dioro"
        }
    }, 
    {
        "pk": 2, 
        "model": "django_census.village", 
        "fields": {
            "name": "Farakou"
        }
    }, 
    {
        "pk": 3, 
        "model": "django_census.village", 
        "fields": {
            "name": "Konou"
        }
    }, 
    {
        "pk": 4, 
        "model": "django_census.village", 
        "fields": {
            "name": "Kolomi"
        }
    }, 
    {
        "pk": 5, 
        "model": "django_census.village", 
        "fields": {
            "name": "Tiby"
        }
    }, 
    {
        "pk": 6, 
        "model": "django_census.village", 
        "fields": {
            "name": "Gouakolomba"
        }
    }, 
    {
        "pk": 8, 
        "model": "django_census.village", 
        "fields": {
            "name": "Babougou"
        }
    }, 
    {
        "pk": 9, 
        "model": "django_census.village", 
        "fields": {
            "name": "Komine"
        }
    }, 
    {
        "pk": 10, 
        "model": "django_census.village", 
        "fields": {
            "name": "Sok\u00e9"
        }
    }, 
    {
        "pk": 11, 
        "model": "django_census.village", 
        "fields": {
            "name": "Founougouni"
        }
    }, 
    {
        "pk": 12, 
        "model": "django_census.village", 
        "fields": {
            "name": "Diakoroba"
        }
    }, 
    {
        "pk": 13, 
        "model": "django_census.village", 
        "fields": {
            "name": "Dougounikoro"
        }
    }, 
    {
        "pk": 14, 
        "model": "django_census.village", 
        "fields": {
            "name": "Boumoukoro"
        }
    }, 
    {
        "pk": 15, 
        "model": "django_census.village", 
        "fields": {
            "name": "Touba"
        }
    }, 
    {
        "pk": 16, 
        "model": "django_census.village", 
        "fields": {
            "name": "Songolon"
        }
    }, 
    {
        "pk": 17, 
        "model": "django_census.village", 
        "fields": {
            "name": "Bozola"
        }
    }, 
    {
        "pk": 18, 
        "model": "django_census.village", 
        "fields": {
            "name": "Blombadougou"
        }
    }, 
    {
        "pk": 19, 
        "model": "django_census.village", 
        "fields": {
            "name": "Wena Were"
        }
    }, 
    {
        "pk": 20, 
        "model": "django_census.village", 
        "fields": {
            "name": "Koila Bamana"
        }
    }, 
    {
        "pk": 21, 
        "model": "django_census.village", 
        "fields": {
            "name": "Wena"
        }
    }, 
    {
        "pk": 22, 
        "model": "django_census.village", 
        "fields": {
            "name": "Senenkou"
        }
    }, 
    {
        "pk": 1, 
        "model": "django_census.school", 
        "fields": {
            "code_school": "dio1", 
            "name": "Dioro I", 
            "village": 1
        }
    }, 
    {
        "pk": 2, 
        "model": "django_census.school", 
        "fields": {
            "code_school": "dio2", 
            "name": "Dioro II", 
            "village": 1
        }
    }, 
    {
        "pk": 3, 
        "model": "django_census.school", 
        "fields": {
            "code_school": "dio3", 
            "name": "Dioro III", 
            "village": 1
        }
    }, 
    {
        "pk": 4, 
        "model": "django_census.school", 
        "fields": {
            "code_school": "dio4", 
            "name": "Dioro IV", 
            "village": 1
        }
    }, 
    {
        "pk": 5, 
        "model": "django_census.school", 
        "fields": {
            "code_school": "kom", 
            "name": "Komine", 
            "village": 9
        }
    }, 
    {
        "pk": 6, 
        "model": "django_census.school", 
        "fields": {
            "code_school": "sok", 
            "name": "Sok\u00e9", 
            "village": 10
        }
    }, 
    {
        "pk": 7, 
        "model": "django_census.school", 
        "fields": {
            "code_school": "fou", 
            "name": "Founougouni", 
            "village": 11
        }
    }, 
    {
        "pk": 8, 
        "model": "django_census.school", 
        "fields": {
            "code_school": "far", 
            "name": "Farakou", 
            "village": 2
        }
    }, 
    {
        "pk": 9, 
        "model": "django_census.school", 
        "fields": {
            "code_school": "dia", 
            "name": "Diakoroba", 
            "village": 12
        }
    }, 
    {
        "pk": 10, 
        "model": "django_census.school", 
        "fields": {
            "code_school": "dou", 
            "name": "Dougounikoro", 
            "village": 13
        }
    }, 
    {
        "pk": 11, 
        "model": "django_census.school", 
        "fields": {
            "code_school": "bou", 
            "name": "Boumoukoro", 
            "village": 14
        }
    }, 
    {
        "pk": 12, 
        "model": "django_census.school", 
        "fields": {
            "code_school": "gou", 
            "name": "Gouakolomba", 
            "village": 6
        }
    }, 
    {
        "pk": 13, 
        "model": "django_census.school", 
        "fields": {
            "code_school": "kou", 
            "name": "Konou", 
            "village": 3
        }
    }, 
    {
        "pk": 14, 
        "model": "django_census.school", 
        "fields": {
            "code_school": "tou", 
            "name": "Touba", 
            "village": 15
        }
    }, 
    {
        "pk": 15, 
        "model": "django_census.school", 
        "fields": {
            "code_school": "son", 
            "name": "Songolon", 
            "village": 16
        }
    }, 
    {
        "pk": 17, 
        "model": "django_census.school", 
        "fields": {
            "code_school": "blo", 
            "name": "Blombabougou", 
            "village": 18
        }
    }, 
    {
        "pk": 18, 
        "model": "django_census.school", 
        "fields": {
            "code_school": "bab", 
            "name": "Babougou", 
            "village": 8
        }
    }, 
    {
        "pk": 19, 
        "model": "django_census.school", 
        "fields": {
            "code_school": "wwe", 
            "name": "Wena Were", 
            "village": 19
        }
    }, 
    {
        "pk": 20, 
        "model": "django_census.school", 
        "fields": {
            "code_school": "kb", 
            "name": "Koila Bamana", 
            "village": 20
        }
    }, 
    {
        "pk": 22, 
        "model": "django_census.school", 
        "fields": {
            "code_school": "wen", 
            "name": "Wena", 
            "village": 21
        }
    }, 
    {
        "pk": 23, 
        "model": "django_census.school", 
        "fields": {
            "code_school": "tib", 
            "name": "Tiby", 
            "village": 5
        }
    }, 
    {
        "pk": 24, 
        "model": "django_census.school", 
        "fields": {
            "code_school": "kol", 
            "name": "Kolomi", 
            "village": 4
        }
    }, 
    {
        "pk": 25, 
        "model": "django_census.school", 
        "fields": {
            "code_school": "dio5", 
            "name": "Dioro V", 
            "village": 1
        }
    }, 
    {
        "pk": 26, 
        "model": "django_census.school", 
        "fields": {
            "code_school": "sen", 
            "name": "Senenkou", 
            "village": 22
        }
    }, 
    {
        "pk": 1, 
        "model": "django_census.schoolclass", 
        "fields": {
            "people_missing_day": 10.0, 
            "school": 5, 
            "grade": "1 ERE", 
            "end_year": 2010, 
            "begin_year": 2009, 
            "code_schoolclass": "ko1", 
            "boys_count": 34, 
            "teachers_count": 1, 
            "girls_count": 34, 
            "teacher_missing_day": 1.0
        }
    }, 
    {
        "pk": 2, 
        "model": "django_census.schoolclass", 
        "fields": {
            "people_missing_day": 10.0, 
            "school": 5, 
            "grade": "2 EME", 
            "end_year": 2010, 
            "begin_year": 2009, 
            "code_schoolclass": "ko2", 
            "boys_count": 25, 
            "teachers_count": 1, 
            "girls_count": 35, 
            "teacher_missing_day": 1.0
        }
    }, 
    {
        "pk": 3, 
        "model": "django_census.schoolclass", 
        "fields": {
            "people_missing_day": 10.0, 
            "school": 5, 
            "grade": "3 EME", 
            "end_year": 2010, 
            "begin_year": 2009, 
            "code_schoolclass": "ko3", 
            "boys_count": 46, 
            "teachers_count": 1, 
            "girls_count": 34, 
            "teacher_missing_day": 1.0
        }
    }, 
    {
        "pk": 4, 
        "model": "django_census.schoolclass", 
        "fields": {
            "people_missing_day": 10.0, 
            "school": 5, 
            "grade": "4 EME", 
            "end_year": 2010, 
            "begin_year": 2009, 
            "code_schoolclass": "ko4", 
            "boys_count": 25, 
            "teachers_count": 1, 
            "girls_count": 19, 
            "teacher_missing_day": 1.0
        }
    }, 
    {
        "pk": 5, 
        "model": "django_census.schoolclass", 
        "fields": {
            "people_missing_day": 10.0, 
            "school": 5, 
            "grade": "5 EME", 
            "end_year": 2010, 
            "begin_year": 2009, 
            "code_schoolclass": "ko5", 
            "boys_count": 21, 
            "teachers_count": 1, 
            "girls_count": 16, 
            "teacher_missing_day": 1.0
        }
    }, 
    {
        "pk": 6, 
        "model": "django_census.schoolclass", 
        "fields": {
            "people_missing_day": 10.0, 
            "school": 5, 
            "grade": "6 EME", 
            "end_year": 2010, 
            "begin_year": 2009, 
            "code_schoolclass": "ko6", 
            "boys_count": 16, 
            "teachers_count": 1, 
            "girls_count": 17, 
            "teacher_missing_day": 1.0
        }
    }, 
    {
        "pk": 7, 
        "model": "django_census.schoolclass", 
        "fields": {
            "people_missing_day": 10.0, 
            "school": 6, 
            "grade": "1 ERE", 
            "end_year": 2010, 
            "begin_year": 2009, 
            "code_schoolclass": "so1", 
            "boys_count": 20, 
            "teachers_count": 1, 
            "girls_count": 31, 
            "teacher_missing_day": 1.0
        }
    }, 
    {
        "pk": 8, 
        "model": "django_census.schoolclass", 
        "fields": {
            "people_missing_day": 10.0, 
            "school": 6, 
            "grade": "2 EME", 
            "end_year": 2010, 
            "begin_year": 2009, 
            "code_schoolclass": "so2", 
            "boys_count": 27, 
            "teachers_count": 1, 
            "girls_count": 23, 
            "teacher_missing_day": 1.0
        }
    }, 
    {
        "pk": 9, 
        "model": "django_census.schoolclass", 
        "fields": {
            "people_missing_day": 10.0, 
            "school": 6, 
            "grade": "3 EME", 
            "end_year": 2010, 
            "begin_year": 2009, 
            "code_schoolclass": "so3", 
            "boys_count": 50, 
            "teachers_count": 1, 
            "girls_count": 39, 
            "teacher_missing_day": 1.0
        }
    }, 
    {
        "pk": 10, 
        "model": "django_census.schoolclass", 
        "fields": {
            "people_missing_day": 10.0, 
            "school": 6, 
            "grade": "4 EME", 
            "end_year": 2010, 
            "begin_year": 2009, 
            "code_schoolclass": "so4", 
            "boys_count": 16, 
            "teachers_count": 1, 
            "girls_count": 13, 
            "teacher_missing_day": 1.0
        }
    }, 
    {
        "pk": 11, 
        "model": "django_census.schoolclass", 
        "fields": {
            "people_missing_day": 10.0, 
            "school": 6, 
            "grade": "5 EME", 
            "end_year": 2010, 
            "begin_year": 2009, 
            "code_schoolclass": "so5", 
            "boys_count": 17, 
            "teachers_count": 1, 
            "girls_count": 9, 
            "teacher_missing_day": 1.0
        }
    }, 
    {
        "pk": 12, 
        "model": "django_census.schoolclass", 
        "fields": {
            "people_missing_day": 10.0, 
            "school": 6, 
            "grade": "6 EME", 
            "end_year": 2010, 
            "begin_year": 2009, 
            "code_schoolclass": "so6", 
            "boys_count": 24, 
            "teachers_count": 1, 
            "girls_count": 7, 
            "teacher_missing_day": 1.0
        }
    }, 
    {
        "pk": 13, 
        "model": "django_census.schoolclass", 
        "fields": {
            "people_missing_day": 10.0, 
            "school": 7, 
            "grade": "1 ERE", 
            "end_year": 2010, 
            "begin_year": 2009, 
            "code_schoolclass": "fo1", 
            "boys_count": 12, 
            "teachers_count": 1, 
            "girls_count": 22, 
            "teacher_missing_day": 1.0
        }
    }, 
    {
        "pk": 14, 
        "model": "django_census.schoolclass", 
        "fields": {
            "people_missing_day": 10.0, 
            "school": 7, 
            "grade": "2 EME", 
            "end_year": 2010, 
            "begin_year": 2009, 
            "code_schoolclass": "fo2", 
            "boys_count": 31, 
            "teachers_count": 1, 
            "girls_count": 23, 
            "teacher_missing_day": 1.0
        }
    }, 
    {
        "pk": 15, 
        "model": "django_census.schoolclass", 
        "fields": {
            "people_missing_day": 10.0, 
            "school": 8, 
            "grade": "1 ERE", 
            "end_year": 2010, 
            "begin_year": 2009, 
            "code_schoolclass": "fa1", 
            "boys_count": 22, 
            "teachers_count": 1, 
            "girls_count": 19, 
            "teacher_missing_day": 1.0
        }
    }, 
    {
        "pk": 16, 
        "model": "django_census.schoolclass", 
        "fields": {
            "people_missing_day": 10.0, 
            "school": 8, 
            "grade": "2 EME", 
            "end_year": 2010, 
            "begin_year": 2009, 
            "code_schoolclass": "fa2", 
            "boys_count": 23, 
            "teachers_count": 1, 
            "girls_count": 17, 
            "teacher_missing_day": 1.0
        }
    }, 
    {
        "pk": 17, 
        "model": "django_census.schoolclass", 
        "fields": {
            "people_missing_day": 10.0, 
            "school": 8, 
            "grade": "3 EME", 
            "end_year": 2010, 
            "begin_year": 2009, 
            "code_schoolclass": "fa3", 
            "boys_count": 41, 
            "teachers_count": 1, 
            "girls_count": 32, 
            "teacher_missing_day": 1.0
        }
    }, 
    {
        "pk": 18, 
        "model": "django_census.schoolclass", 
        "fields": {
            "people_missing_day": 10.0, 
            "school": 8, 
            "grade": "4 EME", 
            "end_year": 2010, 
            "begin_year": 2009, 
            "code_schoolclass": "fa4", 
            "boys_count": 12, 
            "teachers_count": 1, 
            "girls_count": 14, 
            "teacher_missing_day": 1.0
        }
    }, 
    {
        "pk": 19, 
        "model": "django_census.schoolclass", 
        "fields": {
            "people_missing_day": 5.0, 
            "school": 8, 
            "grade": "6 EME", 
            "end_year": 2010, 
            "begin_year": 2009, 
            "code_schoolclass": "fa6", 
            "boys_count": 9, 
            "teachers_count": 1, 
            "girls_count": 2, 
            "teacher_missing_day": 1.0
        }
    }, 
    {
        "pk": 20, 
        "model": "django_census.schoolclass", 
        "fields": {
            "people_missing_day": 10.0, 
            "school": 9, 
            "grade": "1 ERE", 
            "end_year": 2010, 
            "begin_year": 2009, 
            "code_schoolclass": "di1", 
            "boys_count": 22, 
            "teachers_count": 1, 
            "girls_count": 19, 
            "teacher_missing_day": 1.0
        }
    }, 
    {
        "pk": 21, 
        "model": "django_census.schoolclass", 
        "fields": {
            "people_missing_day": 10.0, 
            "school": 9, 
            "grade": "2 EME", 
            "end_year": 2010, 
            "begin_year": 2009, 
            "code_schoolclass": "di2", 
            "boys_count": 26, 
            "teachers_count": 1, 
            "girls_count": 21, 
            "teacher_missing_day": 1.0
        }
    }, 
    {
        "pk": 22, 
        "model": "django_census.schoolclass", 
        "fields": {
            "people_missing_day": 10.0, 
            "school": 10, 
            "grade": "1 ERE", 
            "end_year": 2010, 
            "begin_year": 2009, 
            "code_schoolclass": "do1", 
            "boys_count": 12, 
            "teachers_count": 1, 
            "girls_count": 20, 
            "teacher_missing_day": 1.0
        }
    }, 
    {
        "pk": 23, 
        "model": "django_census.schoolclass", 
        "fields": {
            "people_missing_day": 10.0, 
            "school": 10, 
            "grade": "2 EME", 
            "end_year": 2010, 
            "begin_year": 2009, 
            "code_schoolclass": "do2", 
            "boys_count": 20, 
            "teachers_count": 1, 
            "girls_count": 16, 
            "teacher_missing_day": 1.0
        }
    }, 
    {
        "pk": 24, 
        "model": "django_census.schoolclass", 
        "fields": {
            "people_missing_day": 10.0, 
            "school": 10, 
            "grade": "3 EME", 
            "end_year": 2010, 
            "begin_year": 2009, 
            "code_schoolclass": "do3", 
            "boys_count": 32, 
            "teachers_count": 1, 
            "girls_count": 25, 
            "teacher_missing_day": 1.0
        }
    }, 
    {
        "pk": 25, 
        "model": "django_census.schoolclass", 
        "fields": {
            "people_missing_day": 10.0, 
            "school": 10, 
            "grade": "4 EME", 
            "end_year": 2010, 
            "begin_year": 2009, 
            "code_schoolclass": "do4", 
            "boys_count": 11, 
            "teachers_count": 1, 
            "girls_count": 4, 
            "teacher_missing_day": 1.0
        }
    }, 
    {
        "pk": 26, 
        "model": "django_census.schoolclass", 
        "fields": {
            "people_missing_day": 5.0, 
            "school": 10, 
            "grade": "5 EME", 
            "end_year": 2010, 
            "begin_year": 2009, 
            "code_schoolclass": "do5", 
            "boys_count": 6, 
            "teachers_count": 1, 
            "girls_count": 5, 
            "teacher_missing_day": 1.0
        }
    }, 
    {
        "pk": 27, 
        "model": "django_census.schoolclass", 
        "fields": {
            "people_missing_day": 5.0, 
            "school": 10, 
            "grade": "6 EME", 
            "end_year": 2010, 
            "begin_year": 2009, 
            "code_schoolclass": "do6", 
            "boys_count": 12, 
            "teachers_count": 1, 
            "girls_count": 9, 
            "teacher_missing_day": 1.0
        }
    }, 
    {
        "pk": 28, 
        "model": "django_census.schoolclass", 
        "fields": {
            "people_missing_day": 10.0, 
            "school": 10, 
            "grade": "1 ERE", 
            "end_year": 2010, 
            "begin_year": 2009, 
            "code_schoolclass": "bo1", 
            "boys_count": 28, 
            "teachers_count": 1, 
            "girls_count": 43, 
            "teacher_missing_day": 1.0
        }
    }, 
    {
        "pk": 29, 
        "model": "django_census.schoolclass", 
        "fields": {
            "people_missing_day": 10.0, 
            "school": 11, 
            "grade": "2 EME", 
            "end_year": 2010, 
            "begin_year": 2009, 
            "code_schoolclass": "bo2", 
            "boys_count": 41, 
            "teachers_count": 1, 
            "girls_count": 45, 
            "teacher_missing_day": 1.0
        }
    }, 
    {
        "pk": 30, 
        "model": "django_census.schoolclass", 
        "fields": {
            "people_missing_day": 10.0, 
            "school": 12, 
            "grade": "1 ERE", 
            "end_year": 2010, 
            "begin_year": 2009, 
            "code_schoolclass": "go1", 
            "boys_count": 14, 
            "teachers_count": 1, 
            "girls_count": 11, 
            "teacher_missing_day": 1.0
        }
    }, 
    {
        "pk": 31, 
        "model": "django_census.schoolclass", 
        "fields": {
            "people_missing_day": 10.0, 
            "school": 12, 
            "grade": "2 EME", 
            "end_year": 2010, 
            "begin_year": 2009, 
            "code_schoolclass": "go2", 
            "boys_count": 7, 
            "teachers_count": 1, 
            "girls_count": 17, 
            "teacher_missing_day": 1.0
        }
    }, 
    {
        "pk": 32, 
        "model": "django_census.schoolclass", 
        "fields": {
            "people_missing_day": 10.0, 
            "school": 12, 
            "grade": "3 EME", 
            "end_year": 2010, 
            "begin_year": 2009, 
            "code_schoolclass": "go3", 
            "boys_count": 16, 
            "teachers_count": 1, 
            "girls_count": 18, 
            "teacher_missing_day": 1.0
        }
    }, 
    {
        "pk": 33, 
        "model": "django_census.schoolclass", 
        "fields": {
            "people_missing_day": 10.0, 
            "school": 12, 
            "grade": "4 EME", 
            "end_year": 2010, 
            "begin_year": 2009, 
            "code_schoolclass": "go4", 
            "boys_count": 44, 
            "teachers_count": 1, 
            "girls_count": 34, 
            "teacher_missing_day": 1.0
        }
    }, 
    {
        "pk": 34, 
        "model": "django_census.schoolclass", 
        "fields": {
            "people_missing_day": 10.0, 
            "school": 12, 
            "grade": "6 EME", 
            "end_year": 2010, 
            "begin_year": 2009, 
            "code_schoolclass": "go6", 
            "boys_count": 9, 
            "teachers_count": 1, 
            "girls_count": 17, 
            "teacher_missing_day": 1.0
        }
    }, 
    {
        "pk": 35, 
        "model": "django_census.schoolclass", 
        "fields": {
            "people_missing_day": 5.0, 
            "school": 13, 
            "grade": "1 ERE", 
            "end_year": 2010, 
            "begin_year": 2009, 
            "code_schoolclass": "kon1", 
            "boys_count": 11, 
            "teachers_count": 1, 
            "girls_count": 3, 
            "teacher_missing_day": 1.0
        }
    }, 
    {
        "pk": 36, 
        "model": "django_census.schoolclass", 
        "fields": {
            "people_missing_day": 10.0, 
            "school": 13, 
            "grade": "2 EME", 
            "end_year": 2010, 
            "begin_year": 2009, 
            "code_schoolclass": "kon2", 
            "boys_count": 24, 
            "teachers_count": 1, 
            "girls_count": 14, 
            "teacher_missing_day": 1.0
        }
    }, 
    {
        "pk": 37, 
        "model": "django_census.schoolclass", 
        "fields": {
            "people_missing_day": 10.0, 
            "school": 13, 
            "grade": "3 EME", 
            "end_year": 2010, 
            "begin_year": 2009, 
            "code_schoolclass": "kon3", 
            "boys_count": 39, 
            "teachers_count": 1, 
            "girls_count": 16, 
            "teacher_missing_day": 1.0
        }
    }, 
    {
        "pk": 38, 
        "model": "django_census.schoolclass", 
        "fields": {
            "people_missing_day": 10.0, 
            "school": 13, 
            "grade": "4 EME", 
            "end_year": 2010, 
            "begin_year": 2009, 
            "code_schoolclass": "kon4", 
            "boys_count": 45, 
            "teachers_count": 1, 
            "girls_count": 9, 
            "teacher_missing_day": 1.0
        }
    }, 
    {
        "pk": 39, 
        "model": "django_census.schoolclass", 
        "fields": {
            "people_missing_day": 4.0, 
            "school": 13, 
            "grade": "5 EME", 
            "end_year": 2010, 
            "begin_year": 2009, 
            "code_schoolclass": "kon5", 
            "boys_count": 5, 
            "teachers_count": 1, 
            "girls_count": 3, 
            "teacher_missing_day": 1.0
        }
    }, 
    {
        "pk": 40, 
        "model": "django_census.schoolclass", 
        "fields": {
            "people_missing_day": 5.0, 
            "school": 13, 
            "grade": "6 EME", 
            "end_year": 2010, 
            "begin_year": 2009, 
            "code_schoolclass": "kon6", 
            "boys_count": 10, 
            "teachers_count": 1, 
            "girls_count": 1, 
            "teacher_missing_day": 1.0
        }
    }, 
    {
        "pk": 41, 
        "model": "django_census.schoolclass", 
        "fields": {
            "people_missing_day": 10.0, 
            "school": 14, 
            "grade": "1 ERE", 
            "end_year": 2010, 
            "begin_year": 2009, 
            "code_schoolclass": "to1", 
            "boys_count": 16, 
            "teachers_count": 1, 
            "girls_count": 24, 
            "teacher_missing_day": 1.0
        }
    }, 
    {
        "pk": 42, 
        "model": "django_census.schoolclass", 
        "fields": {
            "people_missing_day": 10.0, 
            "school": 14, 
            "grade": "2 EME", 
            "end_year": 2010, 
            "begin_year": 2009, 
            "code_schoolclass": "to2", 
            "boys_count": 21, 
            "teachers_count": 1, 
            "girls_count": 19, 
            "teacher_missing_day": 1.0
        }
    }, 
    {
        "pk": 43, 
        "model": "django_census.schoolclass", 
        "fields": {
            "people_missing_day": 10.0, 
            "school": 14, 
            "grade": "3 EME", 
            "end_year": 2010, 
            "begin_year": 2009, 
            "code_schoolclass": "to3", 
            "boys_count": 30, 
            "teachers_count": 1, 
            "girls_count": 40, 
            "teacher_missing_day": 1.0
        }
    }, 
    {
        "pk": 44, 
        "model": "django_census.schoolclass", 
        "fields": {
            "people_missing_day": 10.0, 
            "school": 15, 
            "grade": "1 ERE", 
            "end_year": 2010, 
            "begin_year": 2009, 
            "code_schoolclass": "son1", 
            "boys_count": 21, 
            "teachers_count": 1, 
            "girls_count": 23, 
            "teacher_missing_day": 1.0
        }
    }, 
    {
        "pk": 45, 
        "model": "django_census.schoolclass", 
        "fields": {
            "people_missing_day": 10.0, 
            "school": 15, 
            "grade": "2 EME", 
            "end_year": 2010, 
            "begin_year": 2009, 
            "code_schoolclass": "son2", 
            "boys_count": 81, 
            "teachers_count": 1, 
            "girls_count": 62, 
            "teacher_missing_day": 1.0
        }
    }, 
    {
        "pk": 48, 
        "model": "django_census.schoolclass", 
        "fields": {
            "people_missing_day": 10.0, 
            "school": 17, 
            "grade": "1 ERE", 
            "end_year": 2010, 
            "begin_year": 2009, 
            "code_schoolclass": "bl1", 
            "boys_count": 13, 
            "teachers_count": 1, 
            "girls_count": 11, 
            "teacher_missing_day": 1.0
        }
    }, 
    {
        "pk": 49, 
        "model": "django_census.schoolclass", 
        "fields": {
            "people_missing_day": 10.0, 
            "school": 17, 
            "grade": "2 EME", 
            "end_year": 2010, 
            "begin_year": 2009, 
            "code_schoolclass": "bl2", 
            "boys_count": 32, 
            "teachers_count": 1, 
            "girls_count": 17, 
            "teacher_missing_day": 1.0
        }
    }, 
    {
        "pk": 50, 
        "model": "django_census.schoolclass", 
        "fields": {
            "people_missing_day": 10.0, 
            "school": 18, 
            "grade": "1 ERE", 
            "end_year": 2010, 
            "begin_year": 2009, 
            "code_schoolclass": "ba1", 
            "boys_count": 34, 
            "teachers_count": 1, 
            "girls_count": 38, 
            "teacher_missing_day": 1.0
        }
    }, 
    {
        "pk": 51, 
        "model": "django_census.schoolclass", 
        "fields": {
            "people_missing_day": 10.0, 
            "school": 18, 
            "grade": "2 EME", 
            "end_year": 2010, 
            "begin_year": 2009, 
            "code_schoolclass": "ba2", 
            "boys_count": 37, 
            "teachers_count": 1, 
            "girls_count": 35, 
            "teacher_missing_day": 1.0
        }
    }, 
    {
        "pk": 52, 
        "model": "django_census.schoolclass", 
        "fields": {
            "people_missing_day": 10.0, 
            "school": 18, 
            "grade": "3 EME", 
            "end_year": 2010, 
            "begin_year": 2009, 
            "code_schoolclass": "ba3", 
            "boys_count": 55, 
            "teachers_count": 1, 
            "girls_count": 50, 
            "teacher_missing_day": 1.0
        }
    }, 
    {
        "pk": 53, 
        "model": "django_census.schoolclass", 
        "fields": {
            "people_missing_day": 10.0, 
            "school": 18, 
            "grade": "4 EME", 
            "end_year": 2010, 
            "begin_year": 2009, 
            "code_schoolclass": "ba4", 
            "boys_count": 39, 
            "teachers_count": 1, 
            "girls_count": 45, 
            "teacher_missing_day": 1.0
        }
    }, 
    {
        "pk": 54, 
        "model": "django_census.schoolclass", 
        "fields": {
            "people_missing_day": 10.0, 
            "school": 18, 
            "grade": "5 EME", 
            "end_year": 2010, 
            "begin_year": 2009, 
            "code_schoolclass": "ba5", 
            "boys_count": 47, 
            "teachers_count": 1, 
            "girls_count": 33, 
            "teacher_missing_day": 1.0
        }
    }, 
    {
        "pk": 55, 
        "model": "django_census.schoolclass", 
        "fields": {
            "people_missing_day": 10.0, 
            "school": 18, 
            "grade": "6 EME", 
            "end_year": 2010, 
            "begin_year": 2009, 
            "code_schoolclass": "ba6", 
            "boys_count": 29, 
            "teachers_count": 1, 
            "girls_count": 20, 
            "teacher_missing_day": 1.0
        }
    }, 
    {
        "pk": 56, 
        "model": "django_census.schoolclass", 
        "fields": {
            "people_missing_day": 10.0, 
            "school": 4, 
            "grade": "1 ERE", 
            "end_year": 2010, 
            "begin_year": 2009, 
            "code_schoolclass": "dIV1", 
            "boys_count": 36, 
            "teachers_count": 1, 
            "girls_count": 40, 
            "teacher_missing_day": 1.0
        }
    }, 
    {
        "pk": 57, 
        "model": "django_census.schoolclass", 
        "fields": {
            "people_missing_day": 10.0, 
            "school": 4, 
            "grade": "2 EME", 
            "end_year": 2010, 
            "begin_year": 2009, 
            "code_schoolclass": "dIV2", 
            "boys_count": 49, 
            "teachers_count": 1, 
            "girls_count": 39, 
            "teacher_missing_day": 1.0
        }
    }, 
    {
        "pk": 58, 
        "model": "django_census.schoolclass", 
        "fields": {
            "people_missing_day": 10.0, 
            "school": 4, 
            "grade": "3 EME", 
            "end_year": 2010, 
            "begin_year": 2009, 
            "code_schoolclass": "dIV3", 
            "boys_count": 37, 
            "teachers_count": 1, 
            "girls_count": 45, 
            "teacher_missing_day": 1.0
        }
    }, 
    {
        "pk": 59, 
        "model": "django_census.schoolclass", 
        "fields": {
            "people_missing_day": 10.0, 
            "school": 4, 
            "grade": "4 EME A", 
            "end_year": 2010, 
            "begin_year": 2009, 
            "code_schoolclass": "dIV4a", 
            "boys_count": 46, 
            "teachers_count": 1, 
            "girls_count": 28, 
            "teacher_missing_day": 1.0
        }
    }, 
    {
        "pk": 60, 
        "model": "django_census.schoolclass", 
        "fields": {
            "people_missing_day": 10.0, 
            "school": 4, 
            "grade": "4 EME B", 
            "end_year": 2010, 
            "begin_year": 2009, 
            "code_schoolclass": "dIV4b", 
            "boys_count": 49, 
            "teachers_count": 1, 
            "girls_count": 32, 
            "teacher_missing_day": 1.0
        }
    }, 
    {
        "pk": 61, 
        "model": "django_census.schoolclass", 
        "fields": {
            "people_missing_day": 10.0, 
            "school": 4, 
            "grade": "5 EME", 
            "end_year": 2010, 
            "begin_year": 2009, 
            "code_schoolclass": "dIV5", 
            "boys_count": 39, 
            "teachers_count": 1, 
            "girls_count": 40, 
            "teacher_missing_day": 1.0
        }
    }, 
    {
        "pk": 62, 
        "model": "django_census.schoolclass", 
        "fields": {
            "people_missing_day": 10.0, 
            "school": 3, 
            "grade": "1 ERE", 
            "end_year": 2010, 
            "begin_year": 2009, 
            "code_schoolclass": "dIII 1", 
            "boys_count": 32, 
            "teachers_count": 1, 
            "girls_count": 49, 
            "teacher_missing_day": 1.0
        }
    }, 
    {
        "pk": 63, 
        "model": "django_census.schoolclass", 
        "fields": {
            "people_missing_day": 10.0, 
            "school": 3, 
            "grade": "2 EME", 
            "end_year": 2010, 
            "begin_year": 2009, 
            "code_schoolclass": "dIII 2", 
            "boys_count": 36, 
            "teachers_count": 1, 
            "girls_count": 35, 
            "teacher_missing_day": 1.0
        }
    }, 
    {
        "pk": 64, 
        "model": "django_census.schoolclass", 
        "fields": {
            "people_missing_day": 10.0, 
            "school": 3, 
            "grade": "3 EME", 
            "end_year": 2010, 
            "begin_year": 2009, 
            "code_schoolclass": "dIII 3", 
            "boys_count": 40, 
            "teachers_count": 1, 
            "girls_count": 53, 
            "teacher_missing_day": 1.0
        }
    }, 
    {
        "pk": 65, 
        "model": "django_census.schoolclass", 
        "fields": {
            "people_missing_day": 10.0, 
            "school": 3, 
            "grade": "4 EME", 
            "end_year": 2010, 
            "begin_year": 2009, 
            "code_schoolclass": "dIII 4", 
            "boys_count": 81, 
            "teachers_count": 1, 
            "girls_count": 73, 
            "teacher_missing_day": 1.0
        }
    }, 
    {
        "pk": 66, 
        "model": "django_census.schoolclass", 
        "fields": {
            "people_missing_day": 10.0, 
            "school": 3, 
            "grade": "5 EME", 
            "end_year": 2010, 
            "begin_year": 2009, 
            "code_schoolclass": "dIII 5", 
            "boys_count": 38, 
            "teachers_count": 1, 
            "girls_count": 35, 
            "teacher_missing_day": 1.0
        }
    }, 
    {
        "pk": 67, 
        "model": "django_census.schoolclass", 
        "fields": {
            "people_missing_day": 10.0, 
            "school": 3, 
            "grade": "6 EME", 
            "end_year": 2010, 
            "begin_year": 2009, 
            "code_schoolclass": "dIII 6", 
            "boys_count": 35, 
            "teachers_count": 1, 
            "girls_count": 25, 
            "teacher_missing_day": 1.0
        }
    }, 
    {
        "pk": 68, 
        "model": "django_census.schoolclass", 
        "fields": {
            "people_missing_day": 10.0, 
            "school": 2, 
            "grade": "1 ERE", 
            "end_year": 2010, 
            "begin_year": 2009, 
            "code_schoolclass": "dII1", 
            "boys_count": 36, 
            "teachers_count": 1, 
            "girls_count": 41, 
            "teacher_missing_day": 1.0
        }
    }, 
    {
        "pk": 69, 
        "model": "django_census.schoolclass", 
        "fields": {
            "people_missing_day": 10.0, 
            "school": 2, 
            "grade": "2 EME", 
            "end_year": 2010, 
            "begin_year": 2009, 
            "code_schoolclass": "dII2", 
            "boys_count": 49, 
            "teachers_count": 1, 
            "girls_count": 35, 
            "teacher_missing_day": 1.0
        }
    }, 
    {
        "pk": 70, 
        "model": "django_census.schoolclass", 
        "fields": {
            "people_missing_day": 10.0, 
            "school": 2, 
            "grade": "3 EME", 
            "end_year": 2010, 
            "begin_year": 2009, 
            "code_schoolclass": "dII3", 
            "boys_count": 49, 
            "teachers_count": 1, 
            "girls_count": 42, 
            "teacher_missing_day": 1.0
        }
    }, 
    {
        "pk": 71, 
        "model": "django_census.schoolclass", 
        "fields": {
            "people_missing_day": 10.0, 
            "school": 2, 
            "grade": "4 EME", 
            "end_year": 2010, 
            "begin_year": 2009, 
            "code_schoolclass": "dII4", 
            "boys_count": 28, 
            "teachers_count": 1, 
            "girls_count": 31, 
            "teacher_missing_day": 1.0
        }
    }, 
    {
        "pk": 72, 
        "model": "django_census.schoolclass", 
        "fields": {
            "people_missing_day": 10.0, 
            "school": 2, 
            "grade": "5 EME", 
            "end_year": 2010, 
            "begin_year": 2009, 
            "code_schoolclass": "dII5", 
            "boys_count": 28, 
            "teachers_count": 1, 
            "girls_count": 31, 
            "teacher_missing_day": 1.0
        }
    }, 
    {
        "pk": 73, 
        "model": "django_census.schoolclass", 
        "fields": {
            "people_missing_day": 10.0, 
            "school": 2, 
            "grade": "6 EME", 
            "end_year": 2010, 
            "begin_year": 2009, 
            "code_schoolclass": "dII6", 
            "boys_count": 31, 
            "teachers_count": 1, 
            "girls_count": 39, 
            "teacher_missing_day": 1.0
        }
    }, 
    {
        "pk": 74, 
        "model": "django_census.schoolclass", 
        "fields": {
            "people_missing_day": 10.0, 
            "school": 1, 
            "grade": "1 ERE", 
            "end_year": 2010, 
            "begin_year": 2009, 
            "code_schoolclass": "dI1", 
            "boys_count": 65, 
            "teachers_count": 1, 
            "girls_count": 42, 
            "teacher_missing_day": 1.0
        }
    }, 
    {
        "pk": 75, 
        "model": "django_census.schoolclass", 
        "fields": {
            "people_missing_day": 10.0, 
            "school": 1, 
            "grade": "2 EME", 
            "end_year": 2010, 
            "begin_year": 2009, 
            "code_schoolclass": "DI 2", 
            "boys_count": 42, 
            "teachers_count": 1, 
            "girls_count": 43, 
            "teacher_missing_day": 1.0
        }
    }, 
    {
        "pk": 76, 
        "model": "django_census.schoolclass", 
        "fields": {
            "people_missing_day": 10.0, 
            "school": 1, 
            "grade": "3 EME", 
            "end_year": 2010, 
            "begin_year": 2009, 
            "code_schoolclass": "dI3", 
            "boys_count": 36, 
            "teachers_count": 1, 
            "girls_count": 40, 
            "teacher_missing_day": 1.0
        }
    }, 
    {
        "pk": 77, 
        "model": "django_census.schoolclass", 
        "fields": {
            "people_missing_day": 10.0, 
            "school": 1, 
            "grade": "4 EME A", 
            "end_year": 2010, 
            "begin_year": 2009, 
            "code_schoolclass": "dI 4a", 
            "boys_count": 32, 
            "teachers_count": 1, 
            "girls_count": 28, 
            "teacher_missing_day": 1.0
        }
    }, 
    {
        "pk": 78, 
        "model": "django_census.schoolclass", 
        "fields": {
            "people_missing_day": 10.0, 
            "school": 1, 
            "grade": "5 EME", 
            "end_year": 2010, 
            "begin_year": 2009, 
            "code_schoolclass": "dI5", 
            "boys_count": 50, 
            "teachers_count": 1, 
            "girls_count": 40, 
            "teacher_missing_day": 1.0
        }
    }, 
    {
        "pk": 79, 
        "model": "django_census.schoolclass", 
        "fields": {
            "people_missing_day": 10.0, 
            "school": 1, 
            "grade": "6 EME", 
            "end_year": 2010, 
            "begin_year": 2009, 
            "code_schoolclass": "dI6", 
            "boys_count": 31, 
            "teachers_count": 1, 
            "girls_count": 45, 
            "teacher_missing_day": 1.0
        }
    }, 
    {
        "pk": 80, 
        "model": "django_census.schoolclass", 
        "fields": {
            "people_missing_day": 10.0, 
            "school": 1, 
            "grade": "4 EME B", 
            "end_year": 2010, 
            "begin_year": 2009, 
            "code_schoolclass": "dI4b", 
            "boys_count": 41, 
            "teachers_count": 1, 
            "girls_count": 23, 
            "teacher_missing_day": 1.0
        }
    }, 
    {
        "pk": 81, 
        "model": "django_census.schoolclass", 
        "fields": {
            "people_missing_day": 10.0, 
            "school": 19, 
            "grade": "1 ERE", 
            "end_year": 2010, 
            "begin_year": 2009, 
            "code_schoolclass": "ww1", 
            "boys_count": 18, 
            "teachers_count": 1, 
            "girls_count": 18, 
            "teacher_missing_day": 1.0
        }
    }, 
    {
        "pk": 82, 
        "model": "django_census.schoolclass", 
        "fields": {
            "people_missing_day": 10.0, 
            "school": 19, 
            "grade": "2 EME", 
            "end_year": 2010, 
            "begin_year": 2009, 
            "code_schoolclass": "ww2", 
            "boys_count": 23, 
            "teachers_count": 1, 
            "girls_count": 39, 
            "teacher_missing_day": 1.0
        }
    }, 
    {
        "pk": 83, 
        "model": "django_census.schoolclass", 
        "fields": {
            "people_missing_day": 10.0, 
            "school": 20, 
            "grade": "1 ERE", 
            "end_year": 2010, 
            "begin_year": 2009, 
            "code_schoolclass": "kb1", 
            "boys_count": 16, 
            "teachers_count": 1, 
            "girls_count": 27, 
            "teacher_missing_day": 1.0
        }
    }, 
    {
        "pk": 84, 
        "model": "django_census.schoolclass", 
        "fields": {
            "people_missing_day": 10.0, 
            "school": 20, 
            "grade": "2 EME B", 
            "end_year": 2010, 
            "begin_year": 2009, 
            "code_schoolclass": "kb2", 
            "boys_count": 53, 
            "teachers_count": 1, 
            "girls_count": 40, 
            "teacher_missing_day": 1.0
        }
    }, 
    {
        "pk": 85, 
        "model": "django_census.schoolclass", 
        "fields": {
            "people_missing_day": 10.0, 
            "school": 20, 
            "grade": "3 EME B", 
            "end_year": 2010, 
            "begin_year": 2009, 
            "code_schoolclass": "kb3b", 
            "boys_count": 20, 
            "teachers_count": 1, 
            "girls_count": 20, 
            "teacher_missing_day": 1.0
        }
    }, 
    {
        "pk": 86, 
        "model": "django_census.schoolclass", 
        "fields": {
            "people_missing_day": 10.0, 
            "school": 20, 
            "grade": "3 EME A", 
            "end_year": 2010, 
            "begin_year": 2009, 
            "code_schoolclass": "kb3a", 
            "boys_count": 25, 
            "teachers_count": 1, 
            "girls_count": 26, 
            "teacher_missing_day": 1.0
        }
    }, 
    {
        "pk": 87, 
        "model": "django_census.schoolclass", 
        "fields": {
            "people_missing_day": 10.0, 
            "school": 20, 
            "grade": "4 EME", 
            "end_year": 2010, 
            "begin_year": 2009, 
            "code_schoolclass": "kb4", 
            "boys_count": 36, 
            "teachers_count": 1, 
            "girls_count": 21, 
            "teacher_missing_day": 1.0
        }
    }, 
    {
        "pk": 88, 
        "model": "django_census.schoolclass", 
        "fields": {
            "people_missing_day": 10.0, 
            "school": 20, 
            "grade": "5 EME", 
            "end_year": 2010, 
            "begin_year": 2009, 
            "code_schoolclass": "kb5", 
            "boys_count": 25, 
            "teachers_count": 1, 
            "girls_count": 13, 
            "teacher_missing_day": 1.0
        }
    }, 
    {
        "pk": 89, 
        "model": "django_census.schoolclass", 
        "fields": {
            "people_missing_day": 10.0, 
            "school": 20, 
            "grade": "6 EME", 
            "end_year": 2010, 
            "begin_year": 2009, 
            "code_schoolclass": "kb6", 
            "boys_count": 38, 
            "teachers_count": 1, 
            "girls_count": 14, 
            "teacher_missing_day": 1.0
        }
    }, 
    {
        "pk": 90, 
        "model": "django_census.schoolclass", 
        "fields": {
            "people_missing_day": 10.0, 
            "school": 22, 
            "grade": "1 ERE", 
            "end_year": 2010, 
            "begin_year": 2009, 
            "code_schoolclass": "we1", 
            "boys_count": 13, 
            "teachers_count": 1, 
            "girls_count": 18, 
            "teacher_missing_day": 1.0
        }
    }, 
    {
        "pk": 91, 
        "model": "django_census.schoolclass", 
        "fields": {
            "people_missing_day": 10.0, 
            "school": 22, 
            "grade": "2 EME", 
            "end_year": 2010, 
            "begin_year": 2009, 
            "code_schoolclass": "we2", 
            "boys_count": 13, 
            "teachers_count": 1, 
            "girls_count": 18, 
            "teacher_missing_day": 1.0
        }
    }, 
    {
        "pk": 92, 
        "model": "django_census.schoolclass", 
        "fields": {
            "people_missing_day": 10.0, 
            "school": 22, 
            "grade": "3 EME", 
            "end_year": 2010, 
            "begin_year": 2009, 
            "code_schoolclass": "we3", 
            "boys_count": 22, 
            "teachers_count": 1, 
            "girls_count": 26, 
            "teacher_missing_day": 1.0
        }
    }, 
    {
        "pk": 93, 
        "model": "django_census.schoolclass", 
        "fields": {
            "people_missing_day": 10.0, 
            "school": 22, 
            "grade": "4 EME", 
            "end_year": 2010, 
            "begin_year": 2009, 
            "code_schoolclass": "we4", 
            "boys_count": 55, 
            "teachers_count": 1, 
            "girls_count": 27, 
            "teacher_missing_day": 1.0
        }
    }, 
    {
        "pk": 94, 
        "model": "django_census.schoolclass", 
        "fields": {
            "people_missing_day": 10.0, 
            "school": 22, 
            "grade": "5 EME", 
            "end_year": 2010, 
            "begin_year": 2009, 
            "code_schoolclass": "we5", 
            "boys_count": 7, 
            "teachers_count": 1, 
            "girls_count": 5, 
            "teacher_missing_day": 1.0
        }
    }, 
    {
        "pk": 95, 
        "model": "django_census.schoolclass", 
        "fields": {
            "people_missing_day": 10.0, 
            "school": 23, 
            "grade": "1 ERE", 
            "end_year": 2010, 
            "begin_year": 2009, 
            "code_schoolclass": "ti1", 
            "boys_count": 19, 
            "teachers_count": 1, 
            "girls_count": 26, 
            "teacher_missing_day": 1.0
        }
    }, 
    {
        "pk": 96, 
        "model": "django_census.schoolclass", 
        "fields": {
            "people_missing_day": 10.0, 
            "school": 23, 
            "grade": "2 EME", 
            "end_year": 2010, 
            "begin_year": 2009, 
            "code_schoolclass": "ti2", 
            "boys_count": 30, 
            "teachers_count": 1, 
            "girls_count": 25, 
            "teacher_missing_day": 1.0
        }
    }, 
    {
        "pk": 97, 
        "model": "django_census.schoolclass", 
        "fields": {
            "people_missing_day": 10.0, 
            "school": 23, 
            "grade": "3 EME", 
            "end_year": 2010, 
            "begin_year": 2009, 
            "code_schoolclass": "ti3", 
            "boys_count": 69, 
            "teachers_count": 1, 
            "girls_count": 68, 
            "teacher_missing_day": 1.0
        }
    }, 
    {
        "pk": 98, 
        "model": "django_census.schoolclass", 
        "fields": {
            "people_missing_day": 10.0, 
            "school": 23, 
            "grade": "4 EME B", 
            "end_year": 2010, 
            "begin_year": 2009, 
            "code_schoolclass": "ti4b", 
            "boys_count": 54, 
            "teachers_count": 1, 
            "girls_count": 27, 
            "teacher_missing_day": 1.0
        }
    }, 
    {
        "pk": 99, 
        "model": "django_census.schoolclass", 
        "fields": {
            "people_missing_day": 4.0, 
            "school": 23, 
            "grade": "5 EME", 
            "end_year": 2010, 
            "begin_year": 2009, 
            "code_schoolclass": "ti5", 
            "boys_count": 6, 
            "teachers_count": 1, 
            "girls_count": 6, 
            "teacher_missing_day": 1.0
        }
    }, 
    {
        "pk": 100, 
        "model": "django_census.schoolclass", 
        "fields": {
            "people_missing_day": 3.0, 
            "school": 23, 
            "grade": "6 EME", 
            "end_year": 2010, 
            "begin_year": 2009, 
            "code_schoolclass": "ti6", 
            "boys_count": 7, 
            "teachers_count": 1, 
            "girls_count": 0, 
            "teacher_missing_day": 1.0
        }
    }, 
    {
        "pk": 101, 
        "model": "django_census.schoolclass", 
        "fields": {
            "people_missing_day": 10.0, 
            "school": 23, 
            "grade": "4 EME A", 
            "end_year": 2010, 
            "begin_year": 2009, 
            "code_schoolclass": "ti4a", 
            "boys_count": 49, 
            "teachers_count": 1, 
            "girls_count": 28, 
            "teacher_missing_day": 1.0
        }
    }, 
    {
        "pk": 102, 
        "model": "django_census.schoolclass", 
        "fields": {
            "people_missing_day": 4.0, 
            "school": 24, 
            "grade": "1 ERE", 
            "end_year": 2010, 
            "begin_year": 2009, 
            "code_schoolclass": "kol1", 
            "boys_count": 8, 
            "teachers_count": 1, 
            "girls_count": 5, 
            "teacher_missing_day": 1.0
        }
    }, 
    {
        "pk": 103, 
        "model": "django_census.schoolclass", 
        "fields": {
            "people_missing_day": 10.0, 
            "school": 24, 
            "grade": "2 EME", 
            "end_year": 2010, 
            "begin_year": 2009, 
            "code_schoolclass": "kol2", 
            "boys_count": 25, 
            "teachers_count": 1, 
            "girls_count": 28, 
            "teacher_missing_day": 1.0
        }
    }, 
    {
        "pk": 104, 
        "model": "django_census.schoolclass", 
        "fields": {
            "people_missing_day": 10.0, 
            "school": 24, 
            "grade": "3 EME", 
            "end_year": 2010, 
            "begin_year": 2009, 
            "code_schoolclass": "kol3", 
            "boys_count": 20, 
            "teachers_count": 1, 
            "girls_count": 15, 
            "teacher_missing_day": 1.0
        }
    }, 
    {
        "pk": 105, 
        "model": "django_census.schoolclass", 
        "fields": {
            "people_missing_day": 10.0, 
            "school": 24, 
            "grade": "4 EME", 
            "end_year": 2010, 
            "begin_year": 2009, 
            "code_schoolclass": "kol4", 
            "boys_count": 27, 
            "teachers_count": 1, 
            "girls_count": 11, 
            "teacher_missing_day": 1.0
        }
    }, 
    {
        "pk": 106, 
        "model": "django_census.schoolclass", 
        "fields": {
            "people_missing_day": 10.0, 
            "school": 24, 
            "grade": "5 EME", 
            "end_year": 2010, 
            "begin_year": 2009, 
            "code_schoolclass": "kol5", 
            "boys_count": 25, 
            "teachers_count": 1, 
            "girls_count": 9, 
            "teacher_missing_day": 1.0
        }
    }, 
    {
        "pk": 107, 
        "model": "django_census.schoolclass", 
        "fields": {
            "people_missing_day": 2.0, 
            "school": 24, 
            "grade": "6 EME", 
            "end_year": 2010, 
            "begin_year": 2009, 
            "code_schoolclass": "kol6", 
            "boys_count": 4, 
            "teachers_count": 1, 
            "girls_count": 3, 
            "teacher_missing_day": 1.0
        }
    }, 
    {
        "pk": 1, 
        "model": "django_census.report", 
        "fields": {
            "boys_absentees": 2, 
            "reporter": 1, 
            "school_class": 1, 
            "teacher_absentees": 0, 
            "warning": false, 
            "date": "2009-11-11", 
            "girls_absentees": 3
        }
    }, 
    {
        "pk": 2, 
        "model": "django_census.report", 
        "fields": {
            "boys_absentees": 1, 
            "reporter": 1, 
            "school_class": 2, 
            "teacher_absentees": 0, 
            "warning": false, 
            "date": "2009-11-11", 
            "girls_absentees": 5
        }
    }, 
    {
        "pk": 3, 
        "model": "django_census.report", 
        "fields": {
            "boys_absentees": 0, 
            "reporter": 1, 
            "school_class": 3, 
            "teacher_absentees": 1, 
            "warning": true, 
            "date": "2009-11-11", 
            "girls_absentees": 2
        }
    }, 
    {
        "pk": 4, 
        "model": "django_census.report", 
        "fields": {
            "boys_absentees": 1, 
            "reporter": 1, 
            "school_class": 4, 
            "teacher_absentees": 0, 
            "warning": false, 
            "date": "2009-11-11", 
            "girls_absentees": 2
        }
    }, 
    {
        "pk": 5, 
        "model": "django_census.report", 
        "fields": {
            "boys_absentees": 5, 
            "reporter": 1, 
            "school_class": 5, 
            "teacher_absentees": 1, 
            "warning": true, 
            "date": "2009-11-11", 
            "girls_absentees": 3
        }
    }, 
    {
        "pk": 6, 
        "model": "django_census.report", 
        "fields": {
            "boys_absentees": 0, 
            "reporter": 1, 
            "school_class": 6, 
            "teacher_absentees": 0, 
            "warning": false, 
            "date": "2009-11-11", 
            "girls_absentees": 1
        }
    }, 
    {
        "pk": 7, 
        "model": "django_census.report", 
        "fields": {
            "boys_absentees": 4, 
            "reporter": 1, 
            "school_class": 22, 
            "teacher_absentees": 0, 
            "warning": false, 
            "date": "2009-11-11", 
            "girls_absentees": 1
        }
    }, 
    {
        "pk": 8, 
        "model": "django_census.report", 
        "fields": {
            "boys_absentees": 6, 
            "reporter": 1, 
            "school_class": 23, 
            "teacher_absentees": 1, 
            "warning": true, 
            "date": "2009-11-11", 
            "girls_absentees": 3
        }
    }, 
    {
        "pk": 9, 
        "model": "django_census.report", 
        "fields": {
            "boys_absentees": 3, 
            "reporter": 1, 
            "school_class": 24, 
            "teacher_absentees": 0, 
            "warning": false, 
            "date": "2009-11-11", 
            "girls_absentees": 5
        }
    }, 
    {
        "pk": 10, 
        "model": "django_census.report", 
        "fields": {
            "boys_absentees": 2, 
            "reporter": 1, 
            "school_class": 25, 
            "teacher_absentees": 1, 
            "warning": true, 
            "date": "2009-11-11", 
            "girls_absentees": 4
        }
    }, 
    {
        "pk": 11, 
        "model": "django_census.report", 
        "fields": {
            "boys_absentees": 3, 
            "reporter": 1, 
            "school_class": 26, 
            "teacher_absentees": 0, 
            "warning": false, 
            "date": "2009-11-11", 
            "girls_absentees": 2
        }
    }, 
    {
        "pk": 12, 
        "model": "django_census.report", 
        "fields": {
            "boys_absentees": 0, 
            "reporter": 1, 
            "school_class": 27, 
            "teacher_absentees": 0, 
            "warning": false, 
            "date": "2009-11-11", 
            "girls_absentees": 0
        }
    }, 
    {
        "pk": 13, 
        "model": "django_census.report", 
        "fields": {
            "boys_absentees": 5, 
            "reporter": 1, 
            "school_class": 35, 
            "teacher_absentees": 0, 
            "warning": true, 
            "date": "2009-11-11", 
            "girls_absentees": 3
        }
    }, 
    {
        "pk": 14, 
        "model": "django_census.report", 
        "fields": {
            "boys_absentees": 3, 
            "reporter": 1, 
            "school_class": 36, 
            "teacher_absentees": 1, 
            "warning": true, 
            "date": "2009-11-11", 
            "girls_absentees": 4
        }
    }, 
    {
        "pk": 15, 
        "model": "django_census.report", 
        "fields": {
            "boys_absentees": 4, 
            "reporter": 1, 
            "school_class": 37, 
            "teacher_absentees": 0, 
            "warning": false, 
            "date": "2009-11-11", 
            "girls_absentees": 2
        }
    }, 
    {
        "pk": 16, 
        "model": "django_census.report", 
        "fields": {
            "boys_absentees": 2, 
            "reporter": 1, 
            "school_class": 38, 
            "teacher_absentees": 1, 
            "warning": true, 
            "date": "2009-11-11", 
            "girls_absentees": 1
        }
    }, 
    {
        "pk": 17, 
        "model": "django_census.report", 
        "fields": {
            "boys_absentees": 1, 
            "reporter": 1, 
            "school_class": 39, 
            "teacher_absentees": 0, 
            "warning": false, 
            "date": "2009-11-11", 
            "girls_absentees": 1
        }
    }, 
    {
        "pk": 18, 
        "model": "django_census.report", 
        "fields": {
            "boys_absentees": 5, 
            "reporter": 1, 
            "school_class": 40, 
            "teacher_absentees": 1, 
            "warning": true, 
            "date": "2009-11-11", 
            "girls_absentees": 0
        }
    }, 
    {
        "pk": 19, 
        "model": "django_census.report", 
        "fields": {
            "boys_absentees": 2, 
            "reporter": 1, 
            "school_class": 48, 
            "teacher_absentees": 0, 
            "warning": false, 
            "date": "2009-11-11", 
            "girls_absentees": 1
        }
    }, 
    {
        "pk": 20, 
        "model": "django_census.report", 
        "fields": {
            "boys_absentees": 1, 
            "reporter": 1, 
            "school_class": 49, 
            "teacher_absentees": 0, 
            "warning": false, 
            "date": "2009-11-11", 
            "girls_absentees": 0
        }
    }, 
    {
        "pk": 21, 
        "model": "django_census.report", 
        "fields": {
            "boys_absentees": 4, 
            "reporter": 1, 
            "school_class": 62, 
            "teacher_absentees": 1, 
            "warning": true, 
            "date": "2009-11-11", 
            "girls_absentees": 6
        }
    }, 
    {
        "pk": 22, 
        "model": "django_census.report", 
        "fields": {
            "boys_absentees": 1, 
            "reporter": 1, 
            "school_class": 63, 
            "teacher_absentees": 0, 
            "warning": false, 
            "date": "2009-11-11", 
            "girls_absentees": 3
        }
    }, 
    {
        "pk": 23, 
        "model": "django_census.report", 
        "fields": {
            "boys_absentees": 3, 
            "reporter": 1, 
            "school_class": 64, 
            "teacher_absentees": 0, 
            "warning": false, 
            "date": "2009-11-11", 
            "girls_absentees": 1
        }
    }, 
    {
        "pk": 24, 
        "model": "django_census.report", 
        "fields": {
            "boys_absentees": 1, 
            "reporter": 1, 
            "school_class": 65, 
            "teacher_absentees": 0, 
            "warning": false, 
            "date": "2009-11-11", 
            "girls_absentees": 0
        }
    }, 
    {
        "pk": 25, 
        "model": "django_census.report", 
        "fields": {
            "boys_absentees": 5, 
            "reporter": 1, 
            "school_class": 66, 
            "teacher_absentees": 1, 
            "warning": true, 
            "date": "2009-11-11", 
            "girls_absentees": 2
        }
    }, 
    {
        "pk": 26, 
        "model": "django_census.report", 
        "fields": {
            "boys_absentees": 0, 
            "reporter": 1, 
            "school_class": 67, 
            "teacher_absentees": 0, 
            "warning": false, 
            "date": "2009-11-11", 
            "girls_absentees": 1
        }
    }, 
    {
        "pk": 27, 
        "model": "django_census.report", 
        "fields": {
            "boys_absentees": 3, 
            "reporter": 1, 
            "school_class": 83, 
            "teacher_absentees": 0, 
            "warning": false, 
            "date": "2009-11-11", 
            "girls_absentees": 2
        }
    }, 
    {
        "pk": 28, 
        "model": "django_census.report", 
        "fields": {
            "boys_absentees": 2, 
            "reporter": 1, 
            "school_class": 84, 
            "teacher_absentees": 1, 
            "warning": true, 
            "date": "2009-11-11", 
            "girls_absentees": 5
        }
    }, 
    {
        "pk": 29, 
        "model": "django_census.report", 
        "fields": {
            "boys_absentees": 1, 
            "reporter": 1, 
            "school_class": 85, 
            "teacher_absentees": 0, 
            "warning": false, 
            "date": "2009-11-11", 
            "girls_absentees": 0
        }
    }, 
    {
        "pk": 30, 
        "model": "django_census.report", 
        "fields": {
            "boys_absentees": 4, 
            "reporter": 1, 
            "school_class": 86, 
            "teacher_absentees": 1, 
            "warning": true, 
            "date": "2009-11-11", 
            "girls_absentees": 1
        }
    }, 
    {
        "pk": 31, 
        "model": "django_census.report", 
        "fields": {
            "boys_absentees": 0, 
            "reporter": 1, 
            "school_class": 88, 
            "teacher_absentees": 0, 
            "warning": false, 
            "date": "2009-11-11", 
            "girls_absentees": 2
        }
    }, 
    {
        "pk": 32, 
        "model": "django_census.report", 
        "fields": {
            "boys_absentees": 0, 
            "reporter": 1, 
            "school_class": 89, 
            "teacher_absentees": 1, 
            "warning": true, 
            "date": "2009-11-11", 
            "girls_absentees": 0
        }
    }, 
    {
        "pk": 33, 
        "model": "django_census.report", 
        "fields": {
            "boys_absentees": 3, 
            "reporter": 1, 
            "school_class": 15, 
            "teacher_absentees": 0, 
            "warning": false, 
            "date": "2009-11-11", 
            "girls_absentees": 1
        }
    }, 
    {
        "pk": 34, 
        "model": "django_census.report", 
        "fields": {
            "boys_absentees": 2, 
            "reporter": 1, 
            "school_class": 16, 
            "teacher_absentees": 0, 
            "warning": false, 
            "date": "2009-11-11", 
            "girls_absentees": 0
        }
    }, 
    {
        "pk": 35, 
        "model": "django_census.report", 
        "fields": {
            "boys_absentees": 1, 
            "reporter": 1, 
            "school_class": 17, 
            "teacher_absentees": 1, 
            "warning": true, 
            "date": "2009-11-11", 
            "girls_absentees": 2
        }
    }, 
    {
        "pk": 36, 
        "model": "django_census.report", 
        "fields": {
            "boys_absentees": 0, 
            "reporter": 1, 
            "school_class": 18, 
            "teacher_absentees": 0, 
            "warning": false, 
            "date": "2009-11-11", 
            "girls_absentees": 1
        }
    }, 
    {
        "pk": 37, 
        "model": "django_census.report", 
        "fields": {
            "boys_absentees": 4, 
            "reporter": 1, 
            "school_class": 19, 
            "teacher_absentees": 0, 
            "warning": true, 
            "date": "2009-11-11", 
            "girls_absentees": 2
        }
    }, 
    {
        "pk": 38, 
        "model": "django_census.report", 
        "fields": {
            "boys_absentees": 0, 
            "reporter": 1, 
            "school_class": 20, 
            "teacher_absentees": 0, 
            "warning": false, 
            "date": "2009-11-11", 
            "girls_absentees": 2
        }
    }, 
    {
        "pk": 39, 
        "model": "django_census.report", 
        "fields": {
            "boys_absentees": 1, 
            "reporter": 1, 
            "school_class": 21, 
            "teacher_absentees": 0, 
            "warning": false, 
            "date": "2009-11-11", 
            "girls_absentees": 2
        }
    }, 
    {
        "pk": 40, 
        "model": "django_census.report", 
        "fields": {
            "boys_absentees": 1, 
            "reporter": 1, 
            "school_class": 30, 
            "teacher_absentees": 1, 
            "warning": true, 
            "date": "2009-11-11", 
            "girls_absentees": 3
        }
    }, 
    {
        "pk": 41, 
        "model": "django_census.report", 
        "fields": {
            "boys_absentees": 2, 
            "reporter": 1, 
            "school_class": 31, 
            "teacher_absentees": 0, 
            "warning": false, 
            "date": "2009-11-11", 
            "girls_absentees": 1
        }
    }, 
    {
        "pk": 42, 
        "model": "django_census.report", 
        "fields": {
            "boys_absentees": 0, 
            "reporter": 1, 
            "school_class": 32, 
            "teacher_absentees": 0, 
            "warning": false, 
            "date": "2009-11-11", 
            "girls_absentees": 3
        }
    }, 
    {
        "pk": 43, 
        "model": "django_census.report", 
        "fields": {
            "boys_absentees": 3, 
            "reporter": 1, 
            "school_class": 33, 
            "teacher_absentees": 0, 
            "warning": false, 
            "date": "2009-11-11", 
            "girls_absentees": 2
        }
    }, 
    {
        "pk": 44, 
        "model": "django_census.report", 
        "fields": {
            "boys_absentees": 2, 
            "reporter": 1, 
            "school_class": 34, 
            "teacher_absentees": 1, 
            "warning": true, 
            "date": "2009-11-11", 
            "girls_absentees": 1
        }
    }, 
    {
        "pk": 45, 
        "model": "django_census.report", 
        "fields": {
            "boys_absentees": 2, 
            "reporter": 1, 
            "school_class": 44, 
            "teacher_absentees": 0, 
            "warning": false, 
            "date": "2009-11-11", 
            "girls_absentees": 2
        }
    }, 
    {
        "pk": 46, 
        "model": "django_census.report", 
        "fields": {
            "boys_absentees": 3, 
            "reporter": 1, 
            "school_class": 45, 
            "teacher_absentees": 1, 
            "warning": true, 
            "date": "2009-11-11", 
            "girls_absentees": 0
        }
    }, 
    {
        "pk": 47, 
        "model": "django_census.report", 
        "fields": {
            "boys_absentees": 1, 
            "reporter": 1, 
            "school_class": 50, 
            "teacher_absentees": 1, 
            "warning": true, 
            "date": "2009-11-11", 
            "girls_absentees": 3
        }
    }, 
    {
        "pk": 48, 
        "model": "django_census.report", 
        "fields": {
            "boys_absentees": 1, 
            "reporter": 1, 
            "school_class": 51, 
            "teacher_absentees": 1, 
            "warning": true, 
            "date": "2009-11-11", 
            "girls_absentees": 2
        }
    }, 
    {
        "pk": 49, 
        "model": "django_census.report", 
        "fields": {
            "boys_absentees": 2, 
            "reporter": 1, 
            "school_class": 52, 
            "teacher_absentees": 0, 
            "warning": false, 
            "date": "2009-11-11", 
            "girls_absentees": 1
        }
    }, 
    {
        "pk": 50, 
        "model": "django_census.report", 
        "fields": {
            "boys_absentees": 3, 
            "reporter": 1, 
            "school_class": 53, 
            "teacher_absentees": 0, 
            "warning": false, 
            "date": "2009-11-11", 
            "girls_absentees": 0
        }
    }, 
    {
        "pk": 51, 
        "model": "django_census.report", 
        "fields": {
            "boys_absentees": 4, 
            "reporter": 1, 
            "school_class": 54, 
            "teacher_absentees": 0, 
            "warning": false, 
            "date": "2009-11-11", 
            "girls_absentees": 1
        }
    }, 
    {
        "pk": 52, 
        "model": "django_census.report", 
        "fields": {
            "boys_absentees": 0, 
            "reporter": 1, 
            "school_class": 55, 
            "teacher_absentees": 1, 
            "warning": true, 
            "date": "2009-11-11", 
            "girls_absentees": 2
        }
    }, 
    {
        "pk": 53, 
        "model": "django_census.report", 
        "fields": {
            "boys_absentees": 1, 
            "reporter": 1, 
            "school_class": 68, 
            "teacher_absentees": 0, 
            "warning": false, 
            "date": "2009-11-11", 
            "girls_absentees": 1
        }
    }, 
    {
        "pk": 54, 
        "model": "django_census.report", 
        "fields": {
            "boys_absentees": 3, 
            "reporter": 1, 
            "school_class": 69, 
            "teacher_absentees": 0, 
            "warning": false, 
            "date": "2009-11-11", 
            "girls_absentees": 0
        }
    }, 
    {
        "pk": 55, 
        "model": "django_census.report", 
        "fields": {
            "boys_absentees": 2, 
            "reporter": 1, 
            "school_class": 70, 
            "teacher_absentees": 0, 
            "warning": false, 
            "date": "2009-11-11", 
            "girls_absentees": 2
        }
    }, 
    {
        "pk": 56, 
        "model": "django_census.report", 
        "fields": {
            "boys_absentees": 3, 
            "reporter": 1, 
            "school_class": 71, 
            "teacher_absentees": 0, 
            "warning": false, 
            "date": "2009-11-11", 
            "girls_absentees": 3
        }
    }, 
    {
        "pk": 57, 
        "model": "django_census.report", 
        "fields": {
            "boys_absentees": 0, 
            "reporter": 1, 
            "school_class": 72, 
            "teacher_absentees": 1, 
            "warning": true, 
            "date": "2009-11-11", 
            "girls_absentees": 4
        }
    }, 
    {
        "pk": 58, 
        "model": "django_census.report", 
        "fields": {
            "boys_absentees": 1, 
            "reporter": 1, 
            "school_class": 73, 
            "teacher_absentees": 0, 
            "warning": false, 
            "date": "2009-11-11", 
            "girls_absentees": 1
        }
    }, 
    {
        "pk": 59, 
        "model": "django_census.report", 
        "fields": {
            "boys_absentees": 2, 
            "reporter": 1, 
            "school_class": 90, 
            "teacher_absentees": 0, 
            "warning": false, 
            "date": "2009-11-11", 
            "girls_absentees": 1
        }
    }, 
    {
        "pk": 60, 
        "model": "django_census.report", 
        "fields": {
            "boys_absentees": 3, 
            "reporter": 1, 
            "school_class": 91, 
            "teacher_absentees": 0, 
            "warning": false, 
            "date": "2009-11-11", 
            "girls_absentees": 4
        }
    }, 
    {
        "pk": 61, 
        "model": "django_census.report", 
        "fields": {
            "boys_absentees": 0, 
            "reporter": 1, 
            "school_class": 92, 
            "teacher_absentees": 0, 
            "warning": false, 
            "date": "2009-11-11", 
            "girls_absentees": 3
        }
    }, 
    {
        "pk": 62, 
        "model": "django_census.report", 
        "fields": {
            "boys_absentees": 1, 
            "reporter": 1, 
            "school_class": 93, 
            "teacher_absentees": 0, 
            "warning": false, 
            "date": "2009-11-11", 
            "girls_absentees": 1
        }
    }, 
    {
        "pk": 63, 
        "model": "django_census.report", 
        "fields": {
            "boys_absentees": 0, 
            "reporter": 1, 
            "school_class": 94, 
            "teacher_absentees": 1, 
            "warning": true, 
            "date": "2009-11-11", 
            "girls_absentees": 2
        }
    }, 
    {
        "pk": 64, 
        "model": "django_census.report", 
        "fields": {
            "boys_absentees": 2, 
            "reporter": 1, 
            "school_class": 7, 
            "teacher_absentees": 0, 
            "warning": false, 
            "date": "2009-11-11", 
            "girls_absentees": 4
        }
    }, 
    {
        "pk": 65, 
        "model": "django_census.report", 
        "fields": {
            "boys_absentees": 1, 
            "reporter": 1, 
            "school_class": 8, 
            "teacher_absentees": 0, 
            "warning": false, 
            "date": "2009-11-11", 
            "girls_absentees": 0
        }
    }, 
    {
        "pk": 66, 
        "model": "django_census.report", 
        "fields": {
            "boys_absentees": 4, 
            "reporter": 1, 
            "school_class": 9, 
            "teacher_absentees": 0, 
            "warning": false, 
            "date": "2009-11-11", 
            "girls_absentees": 1
        }
    }, 
    {
        "pk": 67, 
        "model": "django_census.report", 
        "fields": {
            "boys_absentees": 0, 
            "reporter": 1, 
            "school_class": 10, 
            "teacher_absentees": 0, 
            "warning": false, 
            "date": "2009-11-11", 
            "girls_absentees": 5
        }
    }, 
    {
        "pk": 68, 
        "model": "django_census.report", 
        "fields": {
            "boys_absentees": 3, 
            "reporter": 1, 
            "school_class": 11, 
            "teacher_absentees": 0, 
            "warning": false, 
            "date": "2009-11-11", 
            "girls_absentees": 2
        }
    }, 
    {
        "pk": 69, 
        "model": "django_census.report", 
        "fields": {
            "boys_absentees": 0, 
            "reporter": 1, 
            "school_class": 12, 
            "teacher_absentees": 0, 
            "warning": false, 
            "date": "2009-11-11", 
            "girls_absentees": 4
        }
    }, 
    {
        "pk": 70, 
        "model": "django_census.report", 
        "fields": {
            "boys_absentees": 4, 
            "reporter": 1, 
            "school_class": 13, 
            "teacher_absentees": 1, 
            "warning": true, 
            "date": "2009-11-11", 
            "girls_absentees": 1
        }
    }, 
    {
        "pk": 71, 
        "model": "django_census.report", 
        "fields": {
            "boys_absentees": 2, 
            "reporter": 1, 
            "school_class": 14, 
            "teacher_absentees": 0, 
            "warning": false, 
            "date": "2009-11-11", 
            "girls_absentees": 0
        }
    }, 
    {
        "pk": 72, 
        "model": "django_census.report", 
        "fields": {
            "boys_absentees": 4, 
            "reporter": 1, 
            "school_class": 29, 
            "teacher_absentees": 0, 
            "warning": false, 
            "date": "2009-11-11", 
            "girls_absentees": 1
        }
    }, 
    {
        "pk": 73, 
        "model": "django_census.report", 
        "fields": {
            "boys_absentees": 2, 
            "reporter": 1, 
            "school_class": 41, 
            "teacher_absentees": 1, 
            "warning": true, 
            "date": "2009-11-11", 
            "girls_absentees": 3
        }
    }, 
    {
        "pk": 74, 
        "model": "django_census.report", 
        "fields": {
            "boys_absentees": 4, 
            "reporter": 1, 
            "school_class": 42, 
            "teacher_absentees": 0, 
            "warning": false, 
            "date": "2009-11-11", 
            "girls_absentees": 0
        }
    }, 
    {
        "pk": 75, 
        "model": "django_census.report", 
        "fields": {
            "boys_absentees": 0, 
            "reporter": 1, 
            "school_class": 43, 
            "teacher_absentees": 1, 
            "warning": true, 
            "date": "2009-11-11", 
            "girls_absentees": 5
        }
    }, 
    {
        "pk": 78, 
        "model": "django_census.report", 
        "fields": {
            "boys_absentees": 3, 
            "reporter": 1, 
            "school_class": 56, 
            "teacher_absentees": 1, 
            "warning": true, 
            "date": "2009-11-11", 
            "girls_absentees": 0
        }
    }, 
    {
        "pk": 79, 
        "model": "django_census.report", 
        "fields": {
            "boys_absentees": 3, 
            "reporter": 1, 
            "school_class": 57, 
            "teacher_absentees": 0, 
            "warning": false, 
            "date": "2009-11-11", 
            "girls_absentees": 2
        }
    }, 
    {
        "pk": 80, 
        "model": "django_census.report", 
        "fields": {
            "boys_absentees": 4, 
            "reporter": 1, 
            "school_class": 58, 
            "teacher_absentees": 1, 
            "warning": true, 
            "date": "2009-11-11", 
            "girls_absentees": 1
        }
    }, 
    {
        "pk": 81, 
        "model": "django_census.report", 
        "fields": {
            "boys_absentees": 7, 
            "reporter": 1, 
            "school_class": 59, 
            "teacher_absentees": 0, 
            "warning": false, 
            "date": "2009-11-11", 
            "girls_absentees": 3
        }
    }, 
    {
        "pk": 82, 
        "model": "django_census.report", 
        "fields": {
            "boys_absentees": 2, 
            "reporter": 1, 
            "school_class": 60, 
            "teacher_absentees": 0, 
            "warning": false, 
            "date": "2009-11-11", 
            "girls_absentees": 0
        }
    }, 
    {
        "pk": 83, 
        "model": "django_census.report", 
        "fields": {
            "boys_absentees": 4, 
            "reporter": 1, 
            "school_class": 81, 
            "teacher_absentees": 0, 
            "warning": false, 
            "date": "2009-11-11", 
            "girls_absentees": 2
        }
    }, 
    {
        "pk": 84, 
        "model": "django_census.report", 
        "fields": {
            "boys_absentees": 0, 
            "reporter": 1, 
            "school_class": 82, 
            "teacher_absentees": 0, 
            "warning": false, 
            "date": "2009-11-11", 
            "girls_absentees": 2
        }
    }, 
    {
        "pk": 85, 
        "model": "django_census.report", 
        "fields": {
            "boys_absentees": 2, 
            "reporter": 1, 
            "school_class": 95, 
            "teacher_absentees": 1, 
            "warning": true, 
            "date": "2009-11-11", 
            "girls_absentees": 1
        }
    }, 
    {
        "pk": 86, 
        "model": "django_census.report", 
        "fields": {
            "boys_absentees": 4, 
            "reporter": 1, 
            "school_class": 96, 
            "teacher_absentees": 0, 
            "warning": false, 
            "date": "2009-11-11", 
            "girls_absentees": 0
        }
    }, 
    {
        "pk": 87, 
        "model": "django_census.report", 
        "fields": {
            "boys_absentees": 3, 
            "reporter": 1, 
            "school_class": 97, 
            "teacher_absentees": 0, 
            "warning": false, 
            "date": "2009-11-11", 
            "girls_absentees": 0
        }
    }, 
    {
        "pk": 88, 
        "model": "django_census.report", 
        "fields": {
            "boys_absentees": 4, 
            "reporter": 1, 
            "school_class": 101, 
            "teacher_absentees": 0, 
            "warning": false, 
            "date": "2009-11-11", 
            "girls_absentees": 2
        }
    }, 
    {
        "pk": 89, 
        "model": "django_census.report", 
        "fields": {
            "boys_absentees": 1, 
            "reporter": 1, 
            "school_class": 98, 
            "teacher_absentees": 0, 
            "warning": false, 
            "date": "2009-11-11", 
            "girls_absentees": 2
        }
    }, 
    {
        "pk": 90, 
        "model": "django_census.report", 
        "fields": {
            "boys_absentees": 4, 
            "reporter": 1, 
            "school_class": 99, 
            "teacher_absentees": 0, 
            "warning": false, 
            "date": "2009-11-11", 
            "girls_absentees": 0
        }
    }, 
    {
        "pk": 91, 
        "model": "django_census.report", 
        "fields": {
            "boys_absentees": 0, 
            "reporter": 1, 
            "school_class": 100, 
            "teacher_absentees": 0, 
            "warning": false, 
            "date": "2009-11-11", 
            "girls_absentees": 0
        }
    }, 
    {
        "pk": 92, 
        "model": "django_census.report", 
        "fields": {
            "boys_absentees": 2, 
            "reporter": 1, 
            "school_class": 74, 
            "teacher_absentees": 0, 
            "warning": false, 
            "date": "2009-11-11", 
            "girls_absentees": 3
        }
    }, 
    {
        "pk": 93, 
        "model": "django_census.report", 
        "fields": {
            "boys_absentees": 4, 
            "reporter": 1, 
            "school_class": 75, 
            "teacher_absentees": 0, 
            "warning": false, 
            "date": "2009-11-11", 
            "girls_absentees": 5
        }
    }, 
    {
        "pk": 94, 
        "model": "django_census.report", 
        "fields": {
            "boys_absentees": 7, 
            "reporter": 1, 
            "school_class": 76, 
            "teacher_absentees": 1, 
            "warning": true, 
            "date": "2009-11-11", 
            "girls_absentees": 0
        }
    }, 
    {
        "pk": 95, 
        "model": "django_census.report", 
        "fields": {
            "boys_absentees": 0, 
            "reporter": 1, 
            "school_class": 77, 
            "teacher_absentees": 0, 
            "warning": false, 
            "date": "2009-11-11", 
            "girls_absentees": 0
        }
    }, 
    {
        "pk": 96, 
        "model": "django_census.report", 
        "fields": {
            "boys_absentees": 1, 
            "reporter": 1, 
            "school_class": 80, 
            "teacher_absentees": 0, 
            "warning": false, 
            "date": "2009-11-11", 
            "girls_absentees": 0
        }
    }, 
    {
        "pk": 97, 
        "model": "django_census.report", 
        "fields": {
            "boys_absentees": 2, 
            "reporter": 1, 
            "school_class": 78, 
            "teacher_absentees": 1, 
            "warning": true, 
            "date": "2009-11-11", 
            "girls_absentees": 1
        }
    }, 
    {
        "pk": 98, 
        "model": "django_census.report", 
        "fields": {
            "boys_absentees": 0, 
            "reporter": 1, 
            "school_class": 79, 
            "teacher_absentees": 0, 
            "warning": false, 
            "date": "2009-11-11", 
            "girls_absentees": 1
        }
    }, 
    {
        "pk": 99, 
        "model": "django_census.report", 
        "fields": {
            "boys_absentees": 2, 
            "reporter": 1, 
            "school_class": 102, 
            "teacher_absentees": 0, 
            "warning": false, 
            "date": "2009-11-11", 
            "girls_absentees": 1
        }
    }, 
    {
        "pk": 100, 
        "model": "django_census.report", 
        "fields": {
            "boys_absentees": 1, 
            "reporter": 1, 
            "school_class": 103, 
            "teacher_absentees": 0, 
            "warning": false, 
            "date": "2009-11-11", 
            "girls_absentees": 2
        }
    }, 
    {
        "pk": 101, 
        "model": "django_census.report", 
        "fields": {
            "boys_absentees": 0, 
            "reporter": 1, 
            "school_class": 104, 
            "teacher_absentees": 1, 
            "warning": true, 
            "date": "2009-11-11", 
            "girls_absentees": 1
        }
    }, 
    {
        "pk": 102, 
        "model": "django_census.report", 
        "fields": {
            "boys_absentees": 1, 
            "reporter": 1, 
            "school_class": 105, 
            "teacher_absentees": 0, 
            "warning": false, 
            "date": "2009-11-11", 
            "girls_absentees": 0
        }
    }, 
    {
        "pk": 103, 
        "model": "django_census.report", 
        "fields": {
            "boys_absentees": 2, 
            "reporter": 1, 
            "school_class": 106, 
            "teacher_absentees": 1, 
            "warning": true, 
            "date": "2009-11-11", 
            "girls_absentees": 1
        }
    }, 
    {
        "pk": 104, 
        "model": "django_census.report", 
        "fields": {
            "boys_absentees": 0, 
            "reporter": 1, 
            "school_class": 107, 
            "teacher_absentees": 0, 
            "warning": false, 
            "date": "2009-11-11", 
            "girls_absentees": 1
        }
    }, 
    {
        "pk": 105, 
        "model": "django_census.report", 
        "fields": {
            "boys_absentees": 2, 
            "reporter": 1, 
            "school_class": 1, 
            "teacher_absentees": 0, 
            "warning": false, 
            "date": "2010-01-15", 
            "girls_absentees": 2
        }
    }, 
    {
        "pk": 106, 
        "model": "django_census.report", 
        "fields": {
            "boys_absentees": 1, 
            "reporter": 1, 
            "school_class": 2, 
            "teacher_absentees": 0, 
            "warning": false, 
            "date": "2010-01-15", 
            "girls_absentees": 1
        }
    }, 
    {
        "pk": 107, 
        "model": "django_census.report", 
        "fields": {
            "boys_absentees": 0, 
            "reporter": 1, 
            "school_class": 3, 
            "teacher_absentees": 1, 
            "warning": true, 
            "date": "2010-01-15", 
            "girls_absentees": 0
        }
    }, 
    {
        "pk": 108, 
        "model": "django_census.report", 
        "fields": {
            "boys_absentees": 2, 
            "reporter": 1, 
            "school_class": 4, 
            "teacher_absentees": 0, 
            "warning": false, 
            "date": "2010-01-15", 
            "girls_absentees": 1
        }
    }, 
    {
        "pk": 109, 
        "model": "django_census.report", 
        "fields": {
            "boys_absentees": 0, 
            "reporter": 1, 
            "school_class": 5, 
            "teacher_absentees": 0, 
            "warning": false, 
            "date": "2010-01-15", 
            "girls_absentees": 2
        }
    }, 
    {
        "pk": 110, 
        "model": "django_census.report", 
        "fields": {
            "boys_absentees": 1, 
            "reporter": 1, 
            "school_class": 6, 
            "teacher_absentees": 0, 
            "warning": false, 
            "date": "2010-01-15", 
            "girls_absentees": 3
        }
    }, 
    {
        "pk": 111, 
        "model": "django_census.report", 
        "fields": {
            "boys_absentees": 0, 
            "reporter": 1, 
            "school_class": 22, 
            "teacher_absentees": 1, 
            "warning": true, 
            "date": "2010-01-15", 
            "girls_absentees": 1
        }
    }, 
    {
        "pk": 112, 
        "model": "django_census.report", 
        "fields": {
            "boys_absentees": 1, 
            "reporter": 1, 
            "school_class": 23, 
            "teacher_absentees": 0, 
            "warning": false, 
            "date": "2010-01-15", 
            "girls_absentees": 1
        }
    }, 
    {
        "pk": 113, 
        "model": "django_census.report", 
        "fields": {
            "boys_absentees": 3, 
            "reporter": 1, 
            "school_class": 24, 
            "teacher_absentees": 1, 
            "warning": true, 
            "date": "2010-01-15", 
            "girls_absentees": 2
        }
    }, 
    {
        "pk": 114, 
        "model": "django_census.report", 
        "fields": {
            "boys_absentees": 2, 
            "reporter": 1, 
            "school_class": 25, 
            "teacher_absentees": 0, 
            "warning": false, 
            "date": "2010-01-15", 
            "girls_absentees": 0
        }
    }, 
    {
        "pk": 115, 
        "model": "django_census.report", 
        "fields": {
            "boys_absentees": 1, 
            "reporter": 1, 
            "school_class": 26, 
            "teacher_absentees": 0, 
            "warning": false, 
            "date": "2010-01-15", 
            "girls_absentees": 1
        }
    }, 
    {
        "pk": 116, 
        "model": "django_census.report", 
        "fields": {
            "boys_absentees": 1, 
            "reporter": 1, 
            "school_class": 27, 
            "teacher_absentees": 0, 
            "warning": false, 
            "date": "2010-01-15", 
            "girls_absentees": 2
        }
    }, 
    {
        "pk": 117, 
        "model": "django_census.report", 
        "fields": {
            "boys_absentees": 0, 
            "reporter": 1, 
            "school_class": 35, 
            "teacher_absentees": 0, 
            "warning": false, 
            "date": "2010-01-15", 
            "girls_absentees": 2
        }
    }, 
    {
        "pk": 118, 
        "model": "django_census.report", 
        "fields": {
            "boys_absentees": 0, 
            "reporter": 1, 
            "school_class": 36, 
            "teacher_absentees": 0, 
            "warning": false, 
            "date": "2010-01-15", 
            "girls_absentees": 1
        }
    }, 
    {
        "pk": 119, 
        "model": "django_census.report", 
        "fields": {
            "boys_absentees": 1, 
            "reporter": 1, 
            "school_class": 37, 
            "teacher_absentees": 0, 
            "warning": false, 
            "date": "2010-01-15", 
            "girls_absentees": 2
        }
    }, 
    {
        "pk": 120, 
        "model": "django_census.report", 
        "fields": {
            "boys_absentees": 1, 
            "reporter": 1, 
            "school_class": 38, 
            "teacher_absentees": 0, 
            "warning": false, 
            "date": "2010-01-15", 
            "girls_absentees": 0
        }
    }, 
    {
        "pk": 121, 
        "model": "django_census.report", 
        "fields": {
            "boys_absentees": 3, 
            "reporter": 1, 
            "school_class": 39, 
            "teacher_absentees": 1, 
            "warning": true, 
            "date": "2010-01-15", 
            "girls_absentees": 2
        }
    }, 
    {
        "pk": 122, 
        "model": "django_census.report", 
        "fields": {
            "boys_absentees": 1, 
            "reporter": 1, 
            "school_class": 40, 
            "teacher_absentees": 0, 
            "warning": false, 
            "date": "2010-01-15", 
            "girls_absentees": 0
        }
    }, 
    {
        "pk": 123, 
        "model": "django_census.report", 
        "fields": {
            "boys_absentees": 1, 
            "reporter": 1, 
            "school_class": 48, 
            "teacher_absentees": 0, 
            "warning": false, 
            "date": "2010-01-15", 
            "girls_absentees": 2
        }
    }, 
    {
        "pk": 124, 
        "model": "django_census.report", 
        "fields": {
            "boys_absentees": 0, 
            "reporter": 1, 
            "school_class": 49, 
            "teacher_absentees": 0, 
            "warning": false, 
            "date": "2010-01-15", 
            "girls_absentees": 1
        }
    }, 
    {
        "pk": 125, 
        "model": "django_census.report", 
        "fields": {
            "boys_absentees": 0, 
            "reporter": 1, 
            "school_class": 68, 
            "teacher_absentees": 1, 
            "warning": true, 
            "date": "2010-01-15", 
            "girls_absentees": 0
        }
    }, 
    {
        "pk": 126, 
        "model": "django_census.report", 
        "fields": {
            "boys_absentees": 1, 
            "reporter": 1, 
            "school_class": 69, 
            "teacher_absentees": 0, 
            "warning": false, 
            "date": "2010-01-15", 
            "girls_absentees": 3
        }
    }, 
    {
        "pk": 127, 
        "model": "django_census.report", 
        "fields": {
            "boys_absentees": 0, 
            "reporter": 1, 
            "school_class": 70, 
            "teacher_absentees": 0, 
            "warning": false, 
            "date": "2010-01-15", 
            "girls_absentees": 2
        }
    }, 
    {
        "pk": 128, 
        "model": "django_census.report", 
        "fields": {
            "boys_absentees": 0, 
            "reporter": 1, 
            "school_class": 71, 
            "teacher_absentees": 0, 
            "warning": false, 
            "date": "2010-01-15", 
            "girls_absentees": 1
        }
    }, 
    {
        "pk": 129, 
        "model": "django_census.report", 
        "fields": {
            "boys_absentees": 2, 
            "reporter": 1, 
            "school_class": 72, 
            "teacher_absentees": 0, 
            "warning": false, 
            "date": "2010-01-15", 
            "girls_absentees": 0
        }
    }, 
    {
        "pk": 130, 
        "model": "django_census.report", 
        "fields": {
            "boys_absentees": 1, 
            "reporter": 1, 
            "school_class": 73, 
            "teacher_absentees": 0, 
            "warning": false, 
            "date": "2010-01-15", 
            "girls_absentees": 1
        }
    }, 
    {
        "pk": 131, 
        "model": "django_census.report", 
        "fields": {
            "boys_absentees": 2, 
            "reporter": 1, 
            "school_class": 83, 
            "teacher_absentees": 0, 
            "warning": false, 
            "date": "2010-01-15", 
            "girls_absentees": 1
        }
    }, 
    {
        "pk": 132, 
        "model": "django_census.report", 
        "fields": {
            "boys_absentees": 0, 
            "reporter": 1, 
            "school_class": 84, 
            "teacher_absentees": 0, 
            "warning": false, 
            "date": "2010-01-15", 
            "girls_absentees": 0
        }
    }, 
    {
        "pk": 133, 
        "model": "django_census.report", 
        "fields": {
            "boys_absentees": 1, 
            "reporter": 1, 
            "school_class": 85, 
            "teacher_absentees": 0, 
            "warning": false, 
            "date": "2010-01-15", 
            "girls_absentees": 2
        }
    }, 
    {
        "pk": 134, 
        "model": "django_census.report", 
        "fields": {
            "boys_absentees": 2, 
            "reporter": 1, 
            "school_class": 87, 
            "teacher_absentees": 1, 
            "warning": true, 
            "date": "2010-01-15", 
            "girls_absentees": 1
        }
    }, 
    {
        "pk": 135, 
        "model": "django_census.report", 
        "fields": {
            "boys_absentees": 0, 
            "reporter": 1, 
            "school_class": 88, 
            "teacher_absentees": 0, 
            "warning": false, 
            "date": "2010-01-15", 
            "girls_absentees": 3
        }
    }, 
    {
        "pk": 136, 
        "model": "django_census.report", 
        "fields": {
            "boys_absentees": 1, 
            "reporter": 1, 
            "school_class": 89, 
            "teacher_absentees": 1, 
            "warning": true, 
            "date": "2010-01-15", 
            "girls_absentees": 0
        }
    }, 
    {
        "pk": 137, 
        "model": "django_census.report", 
        "fields": {
            "boys_absentees": 2, 
            "reporter": 1, 
            "school_class": 7, 
            "teacher_absentees": 1, 
            "warning": true, 
            "date": "2010-03-10", 
            "girls_absentees": 1
        }
    }, 
    {
        "pk": 138, 
        "model": "django_census.report", 
        "fields": {
            "boys_absentees": 1, 
            "reporter": 1, 
            "school_class": 8, 
            "teacher_absentees": 0, 
            "warning": false, 
            "date": "2010-03-10", 
            "girls_absentees": 2
        }
    }, 
    {
        "pk": 139, 
        "model": "django_census.report", 
        "fields": {
            "boys_absentees": 3, 
            "reporter": 1, 
            "school_class": 9, 
            "teacher_absentees": 0, 
            "warning": false, 
            "date": "2010-03-10", 
            "girls_absentees": 1
        }
    }, 
    {
        "pk": 140, 
        "model": "django_census.report", 
        "fields": {
            "boys_absentees": 1, 
            "reporter": 1, 
            "school_class": 10, 
            "teacher_absentees": 0, 
            "warning": false, 
            "date": "2010-03-10", 
            "girls_absentees": 0
        }
    }, 
    {
        "pk": 141, 
        "model": "django_census.report", 
        "fields": {
            "boys_absentees": 0, 
            "reporter": 1, 
            "school_class": 11, 
            "teacher_absentees": 0, 
            "warning": false, 
            "date": "2010-03-10", 
            "girls_absentees": 0
        }
    }, 
    {
        "pk": 142, 
        "model": "django_census.report", 
        "fields": {
            "boys_absentees": 1, 
            "reporter": 1, 
            "school_class": 12, 
            "teacher_absentees": 0, 
            "warning": false, 
            "date": "2010-03-10", 
            "girls_absentees": 1
        }
    }, 
    {
        "pk": 143, 
        "model": "django_census.report", 
        "fields": {
            "boys_absentees": 1, 
            "reporter": 1, 
            "school_class": 13, 
            "teacher_absentees": 1, 
            "warning": true, 
            "date": "2010-03-10", 
            "girls_absentees": 3
        }
    }, 
    {
        "pk": 144, 
        "model": "django_census.report", 
        "fields": {
            "boys_absentees": 1, 
            "reporter": 1, 
            "school_class": 14, 
            "teacher_absentees": 1, 
            "warning": true, 
            "date": "2010-03-10", 
            "girls_absentees": 2
        }
    }, 
    {
        "pk": 145, 
        "model": "django_census.report", 
        "fields": {
            "boys_absentees": 2, 
            "reporter": 1, 
            "school_class": 29, 
            "teacher_absentees": 0, 
            "warning": false, 
            "date": "2010-03-10", 
            "girls_absentees": 2
        }
    }, 
    {
        "pk": 146, 
        "model": "django_census.report", 
        "fields": {
            "boys_absentees": 0, 
            "reporter": 1, 
            "school_class": 41, 
            "teacher_absentees": 0, 
            "warning": false, 
            "date": "2010-03-10", 
            "girls_absentees": 0
        }
    }, 
    {
        "pk": 147, 
        "model": "django_census.report", 
        "fields": {
            "boys_absentees": 1, 
            "reporter": 1, 
            "school_class": 42, 
            "teacher_absentees": 0, 
            "warning": false, 
            "date": "2010-03-10", 
            "girls_absentees": 1
        }
    }, 
    {
        "pk": 148, 
        "model": "django_census.report", 
        "fields": {
            "boys_absentees": 1, 
            "reporter": 1, 
            "school_class": 43, 
            "teacher_absentees": 0, 
            "warning": false, 
            "date": "2010-03-10", 
            "girls_absentees": 2
        }
    }, 
    {
        "pk": 151, 
        "model": "django_census.report", 
        "fields": {
            "boys_absentees": 2, 
            "reporter": 1, 
            "school_class": 56, 
            "teacher_absentees": 1, 
            "warning": true, 
            "date": "2010-03-10", 
            "girls_absentees": 2
        }
    }, 
    {
        "pk": 152, 
        "model": "django_census.report", 
        "fields": {
            "boys_absentees": 1, 
            "reporter": 1, 
            "school_class": 57, 
            "teacher_absentees": 0, 
            "warning": false, 
            "date": "2010-03-10", 
            "girls_absentees": 3
        }
    }, 
    {
        "pk": 153, 
        "model": "django_census.report", 
        "fields": {
            "boys_absentees": 1, 
            "reporter": 1, 
            "school_class": 58, 
            "teacher_absentees": 0, 
            "warning": false, 
            "date": "2010-03-10", 
            "girls_absentees": 2
        }
    }, 
    {
        "pk": 154, 
        "model": "django_census.report", 
        "fields": {
            "boys_absentees": 3, 
            "reporter": 1, 
            "school_class": 59, 
            "teacher_absentees": 0, 
            "warning": false, 
            "date": "2010-03-10", 
            "girls_absentees": 1
        }
    }, 
    {
        "pk": 155, 
        "model": "django_census.report", 
        "fields": {
            "boys_absentees": 2, 
            "reporter": 1, 
            "school_class": 60, 
            "teacher_absentees": 0, 
            "warning": false, 
            "date": "2010-03-10", 
            "girls_absentees": 1
        }
    }, 
    {
        "pk": 156, 
        "model": "django_census.report", 
        "fields": {
            "boys_absentees": 1, 
            "reporter": 1, 
            "school_class": 61, 
            "teacher_absentees": 1, 
            "warning": true, 
            "date": "2010-03-10", 
            "girls_absentees": 2
        }
    }, 
    {
        "pk": 157, 
        "model": "django_census.report", 
        "fields": {
            "boys_absentees": 1, 
            "reporter": 1, 
            "school_class": 81, 
            "teacher_absentees": 0, 
            "warning": false, 
            "date": "2010-03-10", 
            "girls_absentees": 0
        }
    }, 
    {
        "pk": 158, 
        "model": "django_census.report", 
        "fields": {
            "boys_absentees": 2, 
            "reporter": 1, 
            "school_class": 82, 
            "teacher_absentees": 0, 
            "warning": false, 
            "date": "2010-03-10", 
            "girls_absentees": 1
        }
    }, 
    {
        "pk": 159, 
        "model": "django_census.report", 
        "fields": {
            "boys_absentees": 1, 
            "reporter": 1, 
            "school_class": 95, 
            "teacher_absentees": 0, 
            "warning": false, 
            "date": "2010-03-10", 
            "girls_absentees": 1
        }
    }, 
    {
        "pk": 160, 
        "model": "django_census.report", 
        "fields": {
            "boys_absentees": 2, 
            "reporter": 1, 
            "school_class": 96, 
            "teacher_absentees": 0, 
            "warning": false, 
            "date": "2010-03-10", 
            "girls_absentees": 2
        }
    }, 
    {
        "pk": 161, 
        "model": "django_census.report", 
        "fields": {
            "boys_absentees": 2, 
            "reporter": 1, 
            "school_class": 97, 
            "teacher_absentees": 0, 
            "warning": false, 
            "date": "2010-03-10", 
            "girls_absentees": 1
        }
    }, 
    {
        "pk": 162, 
        "model": "django_census.report", 
        "fields": {
            "boys_absentees": 3, 
            "reporter": 1, 
            "school_class": 101, 
            "teacher_absentees": 1, 
            "warning": true, 
            "date": "2010-03-10", 
            "girls_absentees": 1
        }
    }, 
    {
        "pk": 163, 
        "model": "django_census.report", 
        "fields": {
            "boys_absentees": 1, 
            "reporter": 1, 
            "school_class": 98, 
            "teacher_absentees": 0, 
            "warning": false, 
            "date": "2010-03-10", 
            "girls_absentees": 1
        }
    }, 
    {
        "pk": 164, 
        "model": "django_census.report", 
        "fields": {
            "boys_absentees": 2, 
            "reporter": 1, 
            "school_class": 99, 
            "teacher_absentees": 0, 
            "warning": false, 
            "date": "2010-03-10", 
            "girls_absentees": 2
        }
    }, 
    {
        "pk": 165, 
        "model": "django_census.report", 
        "fields": {
            "boys_absentees": 0, 
            "reporter": 1, 
            "school_class": 100, 
            "teacher_absentees": 0, 
            "warning": false, 
            "date": "2010-03-10", 
            "girls_absentees": 0
        }
    }, 
    {
        "pk": 166, 
        "model": "django_census.report", 
        "fields": {
            "boys_absentees": 0, 
            "reporter": 1, 
            "school_class": 15, 
            "teacher_absentees": 1, 
            "warning": true, 
            "date": "2010-02-02", 
            "girls_absentees": 0
        }
    }, 
    {
        "pk": 167, 
        "model": "django_census.report", 
        "fields": {
            "boys_absentees": 2, 
            "reporter": 1, 
            "school_class": 16, 
            "teacher_absentees": 1, 
            "warning": true, 
            "date": "2010-02-02", 
            "girls_absentees": 1
        }
    }, 
    {
        "pk": 168, 
        "model": "django_census.report", 
        "fields": {
            "boys_absentees": 0, 
            "reporter": 1, 
            "school_class": 17, 
            "teacher_absentees": 0, 
            "warning": false, 
            "date": "2010-02-02", 
            "girls_absentees": 1
        }
    }, 
    {
        "pk": 169, 
        "model": "django_census.report", 
        "fields": {
            "boys_absentees": 1, 
            "reporter": 1, 
            "school_class": 18, 
            "teacher_absentees": 0, 
            "warning": false, 
            "date": "2010-02-02", 
            "girls_absentees": 2
        }
    }, 
    {
        "pk": 170, 
        "model": "django_census.report", 
        "fields": {
            "boys_absentees": 3, 
            "reporter": 1, 
            "school_class": 19, 
            "teacher_absentees": 0, 
            "warning": false, 
            "date": "2010-02-02", 
            "girls_absentees": 1
        }
    }, 
    {
        "pk": 171, 
        "model": "django_census.report", 
        "fields": {
            "boys_absentees": 0, 
            "reporter": 1, 
            "school_class": 20, 
            "teacher_absentees": 0, 
            "warning": false, 
            "date": "2010-02-02", 
            "girls_absentees": 0
        }
    }, 
    {
        "pk": 172, 
        "model": "django_census.report", 
        "fields": {
            "boys_absentees": 1, 
            "reporter": 1, 
            "school_class": 21, 
            "teacher_absentees": 0, 
            "warning": false, 
            "date": "2010-02-02", 
            "girls_absentees": 1
        }
    }, 
    {
        "pk": 173, 
        "model": "django_census.report", 
        "fields": {
            "boys_absentees": 2, 
            "reporter": 1, 
            "school_class": 30, 
            "teacher_absentees": 0, 
            "warning": false, 
            "date": "2010-02-02", 
            "girls_absentees": 1
        }
    }, 
    {
        "pk": 174, 
        "model": "django_census.report", 
        "fields": {
            "boys_absentees": 1, 
            "reporter": 1, 
            "school_class": 31, 
            "teacher_absentees": 0, 
            "warning": false, 
            "date": "2010-02-02", 
            "girls_absentees": 2
        }
    }, 
    {
        "pk": 175, 
        "model": "django_census.report", 
        "fields": {
            "boys_absentees": 3, 
            "reporter": 1, 
            "school_class": 32, 
            "teacher_absentees": 0, 
            "warning": false, 
            "date": "2010-02-02", 
            "girls_absentees": 0
        }
    }, 
    {
        "pk": 176, 
        "model": "django_census.report", 
        "fields": {
            "boys_absentees": 2, 
            "reporter": 1, 
            "school_class": 33, 
            "teacher_absentees": 1, 
            "warning": true, 
            "date": "2010-02-02", 
            "girls_absentees": 3
        }
    }, 
    {
        "pk": 177, 
        "model": "django_census.report", 
        "fields": {
            "boys_absentees": 1, 
            "reporter": 1, 
            "school_class": 34, 
            "teacher_absentees": 0, 
            "warning": false, 
            "date": "2010-02-02", 
            "girls_absentees": 2
        }
    }, 
    {
        "pk": 178, 
        "model": "django_census.report", 
        "fields": {
            "boys_absentees": 0, 
            "reporter": 1, 
            "school_class": 44, 
            "teacher_absentees": 1, 
            "warning": true, 
            "date": "2010-02-02", 
            "girls_absentees": 1
        }
    }, 
    {
        "pk": 179, 
        "model": "django_census.report", 
        "fields": {
            "boys_absentees": 2, 
            "reporter": 1, 
            "school_class": 45, 
            "teacher_absentees": 0, 
            "warning": false, 
            "date": "2010-02-02", 
            "girls_absentees": 2
        }
    }, 
    {
        "pk": 180, 
        "model": "django_census.report", 
        "fields": {
            "boys_absentees": 0, 
            "reporter": 1, 
            "school_class": 50, 
            "teacher_absentees": 1, 
            "warning": true, 
            "date": "2010-02-02", 
            "girls_absentees": 1
        }
    }, 
    {
        "pk": 181, 
        "model": "django_census.report", 
        "fields": {
            "boys_absentees": 1, 
            "reporter": 1, 
            "school_class": 51, 
            "teacher_absentees": 0, 
            "warning": false, 
            "date": "2010-02-02", 
            "girls_absentees": 1
        }
    }, 
    {
        "pk": 182, 
        "model": "django_census.report", 
        "fields": {
            "boys_absentees": 1, 
            "reporter": 1, 
            "school_class": 52, 
            "teacher_absentees": 1, 
            "warning": true, 
            "date": "2010-02-02", 
            "girls_absentees": 2
        }
    }, 
    {
        "pk": 183, 
        "model": "django_census.report", 
        "fields": {
            "boys_absentees": 0, 
            "reporter": 1, 
            "school_class": 53, 
            "teacher_absentees": 0, 
            "warning": false, 
            "date": "2010-02-02", 
            "girls_absentees": 1
        }
    }, 
    {
        "pk": 184, 
        "model": "django_census.report", 
        "fields": {
            "boys_absentees": 1, 
            "reporter": 1, 
            "school_class": 54, 
            "teacher_absentees": 0, 
            "warning": false, 
            "date": "2010-02-02", 
            "girls_absentees": 0
        }
    }, 
    {
        "pk": 185, 
        "model": "django_census.report", 
        "fields": {
            "boys_absentees": 0, 
            "reporter": 1, 
            "school_class": 55, 
            "teacher_absentees": 0, 
            "warning": false, 
            "date": "2010-02-02", 
            "girls_absentees": 0
        }
    }, 
    {
        "pk": 186, 
        "model": "django_census.report", 
        "fields": {
            "boys_absentees": 0, 
            "reporter": 1, 
            "school_class": 68, 
            "teacher_absentees": 0, 
            "warning": false, 
            "date": "2010-02-02", 
            "girls_absentees": 0
        }
    }, 
    {
        "pk": 187, 
        "model": "django_census.report", 
        "fields": {
            "boys_absentees": 1, 
            "reporter": 1, 
            "school_class": 69, 
            "teacher_absentees": 1, 
            "warning": true, 
            "date": "2010-02-02", 
            "girls_absentees": 0
        }
    }, 
    {
        "pk": 188, 
        "model": "django_census.report", 
        "fields": {
            "boys_absentees": 0, 
            "reporter": 1, 
            "school_class": 70, 
            "teacher_absentees": 0, 
            "warning": false, 
            "date": "2010-02-02", 
            "girls_absentees": 1
        }
    }, 
    {
        "pk": 189, 
        "model": "django_census.report", 
        "fields": {
            "boys_absentees": 2, 
            "reporter": 1, 
            "school_class": 71, 
            "teacher_absentees": 0, 
            "warning": false, 
            "date": "2010-02-02", 
            "girls_absentees": 2
        }
    }, 
    {
        "pk": 190, 
        "model": "django_census.report", 
        "fields": {
            "boys_absentees": 1, 
            "reporter": 1, 
            "school_class": 72, 
            "teacher_absentees": 1, 
            "warning": true, 
            "date": "2010-02-02", 
            "girls_absentees": 0
        }
    }, 
    {
        "pk": 191, 
        "model": "django_census.report", 
        "fields": {
            "boys_absentees": 0, 
            "reporter": 1, 
            "school_class": 73, 
            "teacher_absentees": 0, 
            "warning": false, 
            "date": "2010-02-02", 
            "girls_absentees": 0
        }
    }, 
    {
        "pk": 192, 
        "model": "django_census.report", 
        "fields": {
            "boys_absentees": 1, 
            "reporter": 1, 
            "school_class": 90, 
            "teacher_absentees": 0, 
            "warning": false, 
            "date": "2010-02-02", 
            "girls_absentees": 2
        }
    }, 
    {
        "pk": 193, 
        "model": "django_census.report", 
        "fields": {
            "boys_absentees": 1, 
            "reporter": 1, 
            "school_class": 91, 
            "teacher_absentees": 1, 
            "warning": true, 
            "date": "2010-02-02", 
            "girls_absentees": 2
        }
    }, 
    {
        "pk": 194, 
        "model": "django_census.report", 
        "fields": {
            "boys_absentees": 0, 
            "reporter": 1, 
            "school_class": 92, 
            "teacher_absentees": 0, 
            "warning": false, 
            "date": "2010-02-02", 
            "girls_absentees": 0
        }
    }, 
    {
        "pk": 195, 
        "model": "django_census.report", 
        "fields": {
            "boys_absentees": 1, 
            "reporter": 1, 
            "school_class": 93, 
            "teacher_absentees": 0, 
            "warning": false, 
            "date": "2010-02-02", 
            "girls_absentees": 0
        }
    }, 
    {
        "pk": 196, 
        "model": "django_census.report", 
        "fields": {
            "boys_absentees": 1, 
            "reporter": 1, 
            "school_class": 94, 
            "teacher_absentees": 1, 
            "warning": true, 
            "date": "2010-02-02", 
            "girls_absentees": 1
        }
    }, 
    {
        "pk": 197, 
        "model": "django_census.report", 
        "fields": {
            "boys_absentees": 2, 
            "reporter": 1, 
            "school_class": 74, 
            "teacher_absentees": 0, 
            "warning": false, 
            "date": "2010-03-15", 
            "girls_absentees": 1
        }
    }, 
    {
        "pk": 198, 
        "model": "django_census.report", 
        "fields": {
            "boys_absentees": 1, 
            "reporter": 1, 
            "school_class": 75, 
            "teacher_absentees": 0, 
            "warning": false, 
            "date": "2010-03-15", 
            "girls_absentees": 1
        }
    }, 
    {
        "pk": 199, 
        "model": "django_census.report", 
        "fields": {
            "boys_absentees": 2, 
            "reporter": 1, 
            "school_class": 76, 
            "teacher_absentees": 0, 
            "warning": false, 
            "date": "2010-03-15", 
            "girls_absentees": 0
        }
    }, 
    {
        "pk": 200, 
        "model": "django_census.report", 
        "fields": {
            "boys_absentees": 0, 
            "reporter": 1, 
            "school_class": 77, 
            "teacher_absentees": 0, 
            "warning": false, 
            "date": "2010-03-15", 
            "girls_absentees": 2
        }
    }, 
    {
        "pk": 201, 
        "model": "django_census.report", 
        "fields": {
            "boys_absentees": 1, 
            "reporter": 1, 
            "school_class": 80, 
            "teacher_absentees": 1, 
            "warning": true, 
            "date": "2010-03-15", 
            "girls_absentees": 3
        }
    }, 
    {
        "pk": 202, 
        "model": "django_census.report", 
        "fields": {
            "boys_absentees": 2, 
            "reporter": 1, 
            "school_class": 78, 
            "teacher_absentees": 0, 
            "warning": false, 
            "date": "2010-03-15", 
            "girls_absentees": 1
        }
    }, 
    {
        "pk": 203, 
        "model": "django_census.report", 
        "fields": {
            "boys_absentees": 1, 
            "reporter": 1, 
            "school_class": 79, 
            "teacher_absentees": 0, 
            "warning": false, 
            "date": "2010-03-15", 
            "girls_absentees": 0
        }
    }, 
    {
        "pk": 204, 
        "model": "django_census.report", 
        "fields": {
            "boys_absentees": 1, 
            "reporter": 1, 
            "school_class": 102, 
            "teacher_absentees": 1, 
            "warning": true, 
            "date": "2010-03-15", 
            "girls_absentees": 1
        }
    }, 
    {
        "pk": 205, 
        "model": "django_census.report", 
        "fields": {
            "boys_absentees": 0, 
            "reporter": 1, 
            "school_class": 103, 
            "teacher_absentees": 0, 
            "warning": false, 
            "date": "2010-03-15", 
            "girls_absentees": 2
        }
    }, 
    {
        "pk": 206, 
        "model": "django_census.report", 
        "fields": {
            "boys_absentees": 1, 
            "reporter": 1, 
            "school_class": 104, 
            "teacher_absentees": 0, 
            "warning": false, 
            "date": "2010-03-15", 
            "girls_absentees": 3
        }
    }, 
    {
        "pk": 207, 
        "model": "django_census.report", 
        "fields": {
            "boys_absentees": 2, 
            "reporter": 1, 
            "school_class": 105, 
            "teacher_absentees": 0, 
            "warning": false, 
            "date": "2010-03-15", 
            "girls_absentees": 2
        }
    }, 
    {
        "pk": 208, 
        "model": "django_census.report", 
        "fields": {
            "boys_absentees": 3, 
            "reporter": 1, 
            "school_class": 106, 
            "teacher_absentees": 0, 
            "warning": false, 
            "date": "2010-03-15", 
            "girls_absentees": 1
        }
    }, 
    {
        "pk": 209, 
        "model": "django_census.report", 
        "fields": {
            "boys_absentees": 3, 
            "reporter": 1, 
            "school_class": 107, 
            "teacher_absentees": 0, 
            "warning": true, 
            "date": "2010-03-15", 
            "girls_absentees": 0
        }
    }, 
    {
        "pk": 1, 
        "model": "django_stock.product", 
        "fields": {
            "code_product": "mi", 
            "name": "Mil"
        }
    }, 
    {
        "pk": 2, 
        "model": "django_stock.product", 
        "fields": {
            "code_product": "ri", 
            "name": "Riz"
        }
    }, 
    {
        "pk": 4, 
        "model": "django_stock.product", 
        "fields": {
            "code_product": "rg", 
            "name": "Riz grain"
        }
    }, 
    {
        "pk": 4, 
        "model": "django_stock.place", 
        "fields": {
            "code_place": "far", 
            "name": "Farakou"
        }
    }, 
    {
        "pk": 14, 
        "model": "django_stock.place", 
        "fields": {
            "code_place": "bab", 
            "name": "Babougou"
        }
    }, 
    {
        "pk": 18, 
        "model": "django_stock.place", 
        "fields": {
            "code_place": "wen", 
            "name": "Wena"
        }
    }, 
    {
        "pk": 19, 
        "model": "django_stock.place", 
        "fields": {
            "code_place": "tib", 
            "name": "Tiby"
        }
    }, 
    {
        "pk": 20, 
        "model": "django_stock.place", 
        "fields": {
            "code_place": "kol", 
            "name": "Kolomi"
        }
    }, 
    {
        "pk": 21, 
        "model": "django_stock.place", 
        "fields": {
            "code_place": "Kon", 
            "name": "Konou"
        }
    }, 
    {
        "pk": 22, 
        "model": "django_stock.place", 
        "fields": {
            "code_place": "Gou", 
            "name": "Gouakolomba"
        }
    }, 
    {
        "pk": 4, 
        "model": "django_stock.maximal", 
        "fields": {
            "stock_maximal": 1000.0, 
            "product": 1, 
            "stock_day": 15.0, 
            "place": 4
        }
    }, 
    {
        "pk": 14, 
        "model": "django_stock.maximal", 
        "fields": {
            "stock_maximal": 1000.0, 
            "product": 1, 
            "stock_day": 15.0, 
            "place": 14
        }
    }, 
    {
        "pk": 18, 
        "model": "django_stock.maximal", 
        "fields": {
            "stock_maximal": 1000.0, 
            "product": 1, 
            "stock_day": 15.0, 
            "place": 18
        }
    }, 
    {
        "pk": 19, 
        "model": "django_stock.maximal", 
        "fields": {
            "stock_maximal": 1000.0, 
            "product": 1, 
            "stock_day": 15.0, 
            "place": 19
        }
    }, 
    {
        "pk": 20, 
        "model": "django_stock.maximal", 
        "fields": {
            "stock_maximal": 1000.0, 
            "product": 1, 
            "stock_day": 15.0, 
            "place": 20
        }
    }, 
    {
        "pk": 24, 
        "model": "django_stock.maximal", 
        "fields": {
            "stock_maximal": 1000.0, 
            "product": 2, 
            "stock_day": 15.0, 
            "place": 4
        }
    }, 
    {
        "pk": 34, 
        "model": "django_stock.maximal", 
        "fields": {
            "stock_maximal": 1000.0, 
            "product": 2, 
            "stock_day": 15.0, 
            "place": 14
        }
    }, 
    {
        "pk": 38, 
        "model": "django_stock.maximal", 
        "fields": {
            "stock_maximal": 1000.0, 
            "product": 2, 
            "stock_day": 15.0, 
            "place": 18
        }
    }, 
    {
        "pk": 39, 
        "model": "django_stock.maximal", 
        "fields": {
            "stock_maximal": 1000.0, 
            "product": 2, 
            "stock_day": 15.0, 
            "place": 19
        }
    }, 
    {
        "pk": 40, 
        "model": "django_stock.maximal", 
        "fields": {
            "stock_maximal": 1000.0, 
            "product": 2, 
            "stock_day": 15.0, 
            "place": 20
        }
    }, 
    {
        "pk": 41, 
        "model": "django_stock.maximal", 
        "fields": {
            "stock_maximal": 1000.0, 
            "product": 4, 
            "stock_day": 15.0, 
            "place": 20
        }
    }, 
    {
        "pk": 42, 
        "model": "django_stock.maximal", 
        "fields": {
            "stock_maximal": 1000.0, 
            "product": 4, 
            "stock_day": 15.0, 
            "place": 19
        }
    }, 
    {
        "pk": 43, 
        "model": "django_stock.maximal", 
        "fields": {
            "stock_maximal": 1000.0, 
            "product": 4, 
            "stock_day": 15.0, 
            "place": 18
        }
    }, 
    {
        "pk": 47, 
        "model": "django_stock.maximal", 
        "fields": {
            "stock_maximal": 1000.0, 
            "product": 4, 
            "stock_day": 15.0, 
            "place": 4
        }
    }, 
    {
        "pk": 57, 
        "model": "django_stock.maximal", 
        "fields": {
            "stock_maximal": 1000.0, 
            "product": 4, 
            "stock_day": 15.0, 
            "place": 14
        }
    }, 
    {
        "pk": 58, 
        "model": "django_stock.maximal", 
        "fields": {
            "stock_maximal": 1000.0, 
            "product": 1, 
            "stock_day": 15.0, 
            "place": 21
        }
    }, 
    {
        "pk": 59, 
        "model": "django_stock.maximal", 
        "fields": {
            "stock_maximal": 1000.0, 
            "product": 2, 
            "stock_day": 15.0, 
            "place": 21
        }
    }, 
    {
        "pk": 60, 
        "model": "django_stock.maximal", 
        "fields": {
            "stock_maximal": 1000.0, 
            "product": 4, 
            "stock_day": 15.0, 
            "place": 21
        }
    }, 
    {
        "pk": 61, 
        "model": "django_stock.maximal", 
        "fields": {
            "stock_maximal": 1000.0, 
            "product": 1, 
            "stock_day": 15.0, 
            "place": 22
        }
    }, 
    {
        "pk": 62, 
        "model": "django_stock.maximal", 
        "fields": {
            "stock_maximal": 1000.0, 
            "product": 2, 
            "stock_day": 15.0, 
            "place": 22
        }
    }, 
    {
        "pk": 63, 
        "model": "django_stock.maximal", 
        "fields": {
            "stock_maximal": 1000.0, 
            "product": 4, 
            "stock_day": 15.0, 
            "place": 22
        }
    }, 
    {
        "pk": 1, 
        "model": "django_stock.report", 
        "fields": {
            "product": 1, 
            "consumption": 10.0, 
            "reporter": 1, 
            "warning": false, 
            "place": 4, 
            "incomming": 33.0, 
            "date": "2010-01-10", 
            "remaining": 53.0
        }
    }, 
    {
        "pk": 2, 
        "model": "django_stock.report", 
        "fields": {
            "product": 2, 
            "consumption": 20.0, 
            "reporter": 1, 
            "warning": true, 
            "place": 4, 
            "incomming": 45.0, 
            "date": "2010-01-11", 
            "remaining": 50.0
        }
    }, 
    {
        "pk": 3, 
        "model": "django_stock.report", 
        "fields": {
            "product": 4, 
            "consumption": 15.0, 
            "reporter": 1, 
            "warning": false, 
            "place": 4, 
            "incomming": 20.0, 
            "date": "2010-01-12", 
            "remaining": 15.0
        }
    }, 
    {
        "pk": 4, 
        "model": "django_stock.report", 
        "fields": {
            "product": 1, 
            "consumption": 20.0, 
            "reporter": 1, 
            "warning": true, 
            "place": 14, 
            "incomming": 20.0, 
            "date": "2010-01-14", 
            "remaining": 10.0
        }
    }, 
    {
        "pk": 5, 
        "model": "django_stock.report", 
        "fields": {
            "product": 2, 
            "consumption": 15.0, 
            "reporter": 1, 
            "warning": false, 
            "place": 14, 
            "incomming": 20.0, 
            "date": "2010-01-13", 
            "remaining": 15.0
        }
    }, 
    {
        "pk": 6, 
        "model": "django_stock.report", 
        "fields": {
            "product": 4, 
            "consumption": 22.0, 
            "reporter": 1, 
            "warning": true, 
            "place": 14, 
            "incomming": 40.0, 
            "date": "2010-01-18", 
            "remaining": 28.0
        }
    }, 
    {
        "pk": 7, 
        "model": "django_stock.report", 
        "fields": {
            "product": 1, 
            "consumption": 10.0, 
            "reporter": 1, 
            "warning": false, 
            "place": 18, 
            "incomming": 25.0, 
            "date": "2010-01-19", 
            "remaining": 15.0
        }
    }, 
    {
        "pk": 8, 
        "model": "django_stock.report", 
        "fields": {
            "product": 2, 
            "consumption": 30.0, 
            "reporter": 1, 
            "warning": true, 
            "place": 18, 
            "incomming": 40.0, 
            "date": "2010-01-20", 
            "remaining": 15.0
        }
    }, 
    {
        "pk": 9, 
        "model": "django_stock.report", 
        "fields": {
            "product": 4, 
            "consumption": 10.0, 
            "reporter": 1, 
            "warning": false, 
            "place": 18, 
            "incomming": 20.0, 
            "date": "2010-01-21", 
            "remaining": 10.0
        }
    }, 
    {
        "pk": 11, 
        "model": "django_stock.report", 
        "fields": {
            "product": 1, 
            "consumption": 20.0, 
            "reporter": 1, 
            "warning": true, 
            "place": 19, 
            "incomming": 20.0, 
            "date": "2010-01-11", 
            "remaining": 61.0
        }
    }, 
    {
        "pk": 12, 
        "model": "django_stock.report", 
        "fields": {
            "product": 2, 
            "consumption": 15.0, 
            "reporter": 1, 
            "warning": false, 
            "place": 19, 
            "incomming": 40.0, 
            "date": "2010-01-12", 
            "remaining": 30.0
        }
    }, 
    {
        "pk": 13, 
        "model": "django_stock.report", 
        "fields": {
            "product": 4, 
            "consumption": 15.0, 
            "reporter": 1, 
            "warning": false, 
            "place": 19, 
            "incomming": 20.0, 
            "date": "2010-01-22", 
            "remaining": 5.0
        }
    }, 
    {
        "pk": 14, 
        "model": "django_stock.report", 
        "fields": {
            "product": 1, 
            "consumption": 20.0, 
            "reporter": 1, 
            "warning": true, 
            "place": 20, 
            "incomming": 33.0, 
            "date": "2010-06-15", 
            "remaining": 37.0
        }
    }, 
    {
        "pk": 15, 
        "model": "django_stock.report", 
        "fields": {
            "product": 2, 
            "consumption": 20.0, 
            "reporter": 1, 
            "warning": true, 
            "place": 20, 
            "incomming": 20.0, 
            "date": "2010-02-02", 
            "remaining": 15.0
        }
    }, 
    {
        "pk": 16, 
        "model": "django_stock.report", 
        "fields": {
            "product": 4, 
            "consumption": 20.0, 
            "reporter": 1, 
            "warning": true, 
            "place": 20, 
            "incomming": 30.0, 
            "date": "2010-02-03", 
            "remaining": 15.0
        }
    }, 
    {
        "pk": 17, 
        "model": "django_stock.report", 
        "fields": {
            "product": 1, 
            "consumption": 20.0, 
            "reporter": 1, 
            "warning": true, 
            "place": 4, 
            "incomming": 40.0, 
            "date": "2010-01-01", 
            "remaining": 30.0
        }
    }, 
    {
        "pk": 18, 
        "model": "django_stock.report", 
        "fields": {
            "product": 2, 
            "consumption": 10.0, 
            "reporter": 1, 
            "warning": false, 
            "place": 4, 
            "incomming": 20.0, 
            "date": "2010-01-02", 
            "remaining": 25.0
        }
    }, 
    {
        "pk": 19, 
        "model": "django_stock.report", 
        "fields": {
            "product": 4, 
            "consumption": 10.0, 
            "reporter": 1, 
            "warning": false, 
            "place": 4, 
            "incomming": 10.0, 
            "date": "2010-01-06", 
            "remaining": 10.0
        }
    }, 
    {
        "pk": 20, 
        "model": "django_stock.report", 
        "fields": {
            "product": 1, 
            "consumption": 10.0, 
            "reporter": 1, 
            "warning": false, 
            "place": 22, 
            "incomming": 10.0, 
            "date": "2010-01-01", 
            "remaining": 30.0
        }
    }, 
    {
        "pk": 21, 
        "model": "django_stock.report", 
        "fields": {
            "product": 1, 
            "consumption": 20.0, 
            "reporter": 1, 
            "warning": false, 
            "place": 21, 
            "incomming": 20.0, 
            "date": "2010-07-14", 
            "remaining": 20.0
        }
    }, 
    {
        "pk": 22, 
        "model": "django_stock.report", 
        "fields": {
            "product": 2, 
            "consumption": 20.0, 
            "reporter": 1, 
            "warning": false, 
            "place": 21, 
            "incomming": 30.0, 
            "date": "2010-07-26", 
            "remaining": 20.0
        }
    }, 
    {
        "pk": 23, 
        "model": "django_stock.report", 
        "fields": {
            "product": 4, 
            "consumption": 22.0, 
            "reporter": 1, 
            "warning": false, 
            "place": 21, 
            "incomming": 30.0, 
            "date": "2010-07-28", 
            "remaining": 23.0
        }
    }, 
    {
        "pk": 24, 
        "model": "django_stock.report", 
        "fields": {
            "product": 1, 
            "consumption": 20.0, 
            "reporter": 1, 
            "warning": true, 
            "place": 4, 
            "incomming": 20.0, 
            "date": "2012-12-13", 
            "remaining": 53.0
        }
    }, 
    {
        "pk": 25, 
        "model": "django_stock.report", 
        "fields": {
            "product": 2, 
            "consumption": 10.0, 
            "reporter": 1, 
            "warning": false, 
            "place": 4, 
            "incomming": 10.0, 
            "date": "2010-01-01", 
            "remaining": 15.0
        }
    }, 
    {
        "pk": 26, 
        "model": "django_stock.report", 
        "fields": {
            "product": 1, 
            "consumption": 15.0, 
            "reporter": 1, 
            "warning": false, 
            "place": 22, 
            "incomming": 30.0, 
            "date": "2009-12-15", 
            "remaining": 30.0
        }
    }, 
    {
        "pk": 27, 
        "model": "django_stock.report", 
        "fields": {
            "product": 2, 
            "consumption": 10.0, 
            "reporter": 1, 
            "warning": false, 
            "place": 22, 
            "incomming": 10.0, 
            "date": "2009-12-15", 
            "remaining": 0.0
        }
    }, 
    {
        "pk": 28, 
        "model": "django_stock.report", 
        "fields": {
            "product": 1, 
            "consumption": 10.0, 
            "reporter": 1, 
            "warning": false, 
            "place": 14, 
            "incomming": 10.0, 
            "date": "2009-12-12", 
            "remaining": 0.0
        }
    }, 
    {
        "pk": 29, 
        "model": "django_stock.report", 
        "fields": {
            "product": 2, 
            "consumption": 25.0, 
            "reporter": 1, 
            "warning": true, 
            "place": 14, 
            "incomming": 30.0, 
            "date": "2009-12-13", 
            "remaining": 5.0
        }
    }, 
    {
        "pk": 30, 
        "model": "django_stock.report", 
        "fields": {
            "product": 4, 
            "consumption": 15.0, 
            "reporter": 1, 
            "warning": false, 
            "place": 14, 
            "incomming": 20.0, 
            "date": "2010-01-01", 
            "remaining": 5.0
        }
    }, 
    {
        "pk": 31, 
        "model": "django_stock.report", 
        "fields": {
            "product": 1, 
            "consumption": 15.0, 
            "reporter": 1, 
            "warning": false, 
            "place": 18, 
            "incomming": 15.0, 
            "date": "2009-12-12", 
            "remaining": 0.0
        }
    }, 
    {
        "pk": 32, 
        "model": "django_stock.report", 
        "fields": {
            "product": 2, 
            "consumption": 40.0, 
            "reporter": 1, 
            "warning": true, 
            "place": 18, 
            "incomming": 45.0, 
            "date": "2009-12-13", 
            "remaining": 5.0
        }
    }, 
    {
        "pk": 33, 
        "model": "django_stock.report", 
        "fields": {
            "product": 4, 
            "consumption": 60.0, 
            "reporter": 1, 
            "warning": true, 
            "place": 18, 
            "incomming": 80.0, 
            "date": "2010-02-01", 
            "remaining": 30.0
        }
    }, 
    {
        "pk": 34, 
        "model": "django_stock.report", 
        "fields": {
            "product": 1, 
            "consumption": 20.0, 
            "reporter": 1, 
            "warning": true, 
            "place": 19, 
            "incomming": 80.0, 
            "date": "2009-12-12", 
            "remaining": 60.0
        }
    }, 
    {
        "pk": 35, 
        "model": "django_stock.report", 
        "fields": {
            "product": 2, 
            "consumption": 10.0, 
            "reporter": 1, 
            "warning": false, 
            "place": 19, 
            "incomming": 15.0, 
            "date": "2009-12-13", 
            "remaining": 5.0
        }
    }, 
    {
        "pk": 36, 
        "model": "django_stock.report", 
        "fields": {
            "product": 4, 
            "consumption": 40.0, 
            "reporter": 1, 
            "warning": true, 
            "place": 19, 
            "incomming": 45.0, 
            "date": "2010-02-01", 
            "remaining": 10.0
        }
    }, 
    {
        "pk": 37, 
        "model": "django_stock.report", 
        "fields": {
            "product": 1, 
            "consumption": 36.0, 
            "reporter": 1, 
            "warning": true, 
            "place": 20, 
            "incomming": 40.0, 
            "date": "2009-12-12", 
            "remaining": 4.0
        }
    }, 
    {
        "pk": 38, 
        "model": "django_stock.report", 
        "fields": {
            "product": 2, 
            "consumption": 15.0, 
            "reporter": 1, 
            "warning": false, 
            "place": 20, 
            "incomming": 20.0, 
            "date": "2009-12-13", 
            "remaining": 5.0
        }
    }, 
    {
        "pk": 39, 
        "model": "django_stock.report", 
        "fields": {
            "product": 4, 
            "consumption": 30.0, 
            "reporter": 1, 
            "warning": true, 
            "place": 20, 
            "incomming": 35.0, 
            "date": "2010-01-01", 
            "remaining": 5.0
        }
    }, 
    {
        "pk": 40, 
        "model": "django_stock.report", 
        "fields": {
            "product": 1, 
            "consumption": 10.0, 
            "reporter": 1, 
            "warning": false, 
            "place": 4, 
            "incomming": 20.0, 
            "date": "2009-11-11", 
            "remaining": 10.0
        }
    }, 
    {
        "pk": 41, 
        "model": "django_stock.report", 
        "fields": {
            "product": 2, 
            "consumption": 5.0, 
            "reporter": 1, 
            "warning": false, 
            "place": 4, 
            "incomming": 15.0, 
            "date": "2009-12-12", 
            "remaining": 10.0
        }
    }, 
    {
        "pk": 42, 
        "model": "django_stock.report", 
        "fields": {
            "product": 4, 
            "consumption": 10.0, 
            "reporter": 1, 
            "warning": false, 
            "place": 4, 
            "incomming": 10.0, 
            "date": "2009-12-12", 
            "remaining": 0.0
        }
    }, 
    {
        "pk": 43, 
        "model": "django_stock.report", 
        "fields": {
            "product": 1, 
            "consumption": 5.0, 
            "reporter": 1, 
            "warning": false, 
            "place": 22, 
            "incomming": 10.0, 
            "date": "2010-01-01", 
            "remaining": 20.0
        }
    }, 
    {
        "pk": 44, 
        "model": "django_stock.report", 
        "fields": {
            "product": 2, 
            "consumption": 10.0, 
            "reporter": 1, 
            "warning": false, 
            "place": 22, 
            "incomming": 20.0, 
            "date": "2010-03-02", 
            "remaining": 20.0
        }
    }, 
    {
        "pk": 45, 
        "model": "django_stock.report", 
        "fields": {
            "product": 4, 
            "consumption": 10.0, 
            "reporter": 1, 
            "warning": false, 
            "place": 22, 
            "incomming": 15.0, 
            "date": "2010-04-11", 
            "remaining": 35.0
        }
    }, 
    {
        "pk": 46, 
        "model": "django_stock.report", 
        "fields": {
            "product": 1, 
            "consumption": 10.0, 
            "reporter": 1, 
            "warning": false, 
            "place": 21, 
            "incomming": 15.0, 
            "date": "2010-02-14", 
            "remaining": 20.0
        }
    }, 
    {
        "pk": 47, 
        "model": "django_stock.report", 
        "fields": {
            "product": 2, 
            "consumption": 5.0, 
            "reporter": 1, 
            "warning": false, 
            "place": 21, 
            "incomming": 10.0, 
            "date": "2010-02-15", 
            "remaining": 10.0
        }
    }, 
    {
        "pk": 48, 
        "model": "django_stock.report", 
        "fields": {
            "product": 4, 
            "consumption": 15.0, 
            "reporter": 1, 
            "warning": false, 
            "place": 21, 
            "incomming": 20.0, 
            "date": "2010-02-16", 
            "remaining": 15.0
        }
    }, 
    {
        "pk": 49, 
        "model": "django_stock.report", 
        "fields": {
            "product": 1, 
            "consumption": 25.0, 
            "reporter": 1, 
            "warning": true, 
            "place": 14, 
            "incomming": 45.0, 
            "date": "2010-02-17", 
            "remaining": 40.0
        }
    }, 
    {
        "pk": 50, 
        "model": "django_stock.report", 
        "fields": {
            "product": 2, 
            "consumption": 15.0, 
            "reporter": 1, 
            "warning": false, 
            "place": 14, 
            "incomming": 35.0, 
            "date": "2010-02-18", 
            "remaining": 35.0
        }
    }, 
    {
        "pk": 51, 
        "model": "django_stock.report", 
        "fields": {
            "product": 4, 
            "consumption": 20.0, 
            "reporter": 1, 
            "warning": true, 
            "place": 14, 
            "incomming": 25.0, 
            "date": "2010-02-19", 
            "remaining": 33.0
        }
    }, 
    {
        "pk": 52, 
        "model": "django_stock.report", 
        "fields": {
            "product": 1, 
            "consumption": 20.0, 
            "reporter": 1, 
            "warning": true, 
            "place": 18, 
            "incomming": 25.0, 
            "date": "2010-03-20", 
            "remaining": 21.0
        }
    }, 
    {
        "pk": 53, 
        "model": "django_stock.report", 
        "fields": {
            "product": 2, 
            "consumption": 25.0, 
            "reporter": 1, 
            "warning": true, 
            "place": 18, 
            "incomming": 45.0, 
            "date": "2010-03-22", 
            "remaining": 40.0
        }
    }, 
    {
        "pk": 54, 
        "model": "django_stock.report", 
        "fields": {
            "product": 4, 
            "consumption": 15.0, 
            "reporter": 1, 
            "warning": false, 
            "place": 18, 
            "incomming": 35.0, 
            "date": "2010-03-23", 
            "remaining": 50.0
        }
    }, 
    {
        "pk": 55, 
        "model": "django_stock.report", 
        "fields": {
            "product": 1, 
            "consumption": 15.0, 
            "reporter": 1, 
            "warning": false, 
            "place": 19, 
            "incomming": 35.0, 
            "date": "2010-04-24", 
            "remaining": 81.0
        }
    }, 
    {
        "pk": 56, 
        "model": "django_stock.report", 
        "fields": {
            "product": 2, 
            "consumption": 20.0, 
            "reporter": 1, 
            "warning": true, 
            "place": 19, 
            "incomming": 20.0, 
            "date": "2010-04-26", 
            "remaining": 32.0
        }
    }, 
    {
        "pk": 57, 
        "model": "django_stock.report", 
        "fields": {
            "product": 4, 
            "consumption": 30.0, 
            "reporter": 1, 
            "warning": true, 
            "place": 19, 
            "incomming": 40.0, 
            "date": "2010-04-27", 
            "remaining": 35.0
        }
    }, 
    {
        "pk": 58, 
        "model": "django_stock.report", 
        "fields": {
            "product": 1, 
            "consumption": 30.0, 
            "reporter": 1, 
            "warning": true, 
            "place": 20, 
            "incomming": 40.0, 
            "date": "2010-04-28", 
            "remaining": 24.0
        }
    }, 
    {
        "pk": 59, 
        "model": "django_stock.report", 
        "fields": {
            "product": 2, 
            "consumption": 15.0, 
            "reporter": 1, 
            "warning": false, 
            "place": 20, 
            "incomming": 15.0, 
            "date": "2010-04-29", 
            "remaining": 15.0
        }
    }, 
    {
        "pk": 60, 
        "model": "django_stock.report", 
        "fields": {
            "product": 4, 
            "consumption": 10.0, 
            "reporter": 1, 
            "warning": false, 
            "place": 20, 
            "incomming": 20.0, 
            "date": "2010-04-30", 
            "remaining": 35.0
        }
    }, 
    {
        "pk": 61, 
        "model": "django_stock.report", 
        "fields": {
            "product": 1, 
            "consumption": 10.0, 
            "reporter": 1, 
            "warning": false, 
            "place": 4, 
            "incomming": 10.0, 
            "date": "2010-01-10", 
            "remaining": 30.0
        }
    }, 
    {
        "pk": 62, 
        "model": "django_stock.report", 
        "fields": {
            "product": 2, 
            "consumption": 10.0, 
            "reporter": 1, 
            "warning": false, 
            "place": 4, 
            "incomming": 20.0, 
            "date": "2010-01-11", 
            "remaining": 30.0
        }
    }, 
    {
        "pk": 63, 
        "model": "django_stock.report", 
        "fields": {
            "product": 4, 
            "consumption": 10.0, 
            "reporter": 1, 
            "warning": false, 
            "place": 4, 
            "incomming": 30.0, 
            "date": "2010-01-12", 
            "remaining": 20.0
        }
    }, 
    {
        "pk": 64, 
        "model": "django_stock.report", 
        "fields": {
            "product": 1, 
            "consumption": 10.0, 
            "reporter": 1, 
            "warning": false, 
            "place": 22, 
            "incomming": 20.0, 
            "date": "2010-01-10", 
            "remaining": 40.0
        }
    }, 
    {
        "pk": 65, 
        "model": "django_stock.report", 
        "fields": {
            "product": 2, 
            "consumption": 10.0, 
            "reporter": 1, 
            "warning": false, 
            "place": 22, 
            "incomming": 10.0, 
            "date": "2010-01-11", 
            "remaining": 0.0
        }
    }, 
    {
        "pk": 66, 
        "model": "django_stock.report", 
        "fields": {
            "product": 4, 
            "consumption": 10.0, 
            "reporter": 1, 
            "warning": false, 
            "place": 22, 
            "incomming": 30.0, 
            "date": "2010-01-12", 
            "remaining": 30.0
        }
    }, 
    {
        "pk": 67, 
        "model": "django_stock.report", 
        "fields": {
            "product": 1, 
            "consumption": 10.0, 
            "reporter": 1, 
            "warning": false, 
            "place": 21, 
            "incomming": 20.0, 
            "date": "2010-01-12", 
            "remaining": 15.0
        }
    }, 
    {
        "pk": 68, 
        "model": "django_stock.report", 
        "fields": {
            "product": 2, 
            "consumption": 10.0, 
            "reporter": 1, 
            "warning": false, 
            "place": 21, 
            "incomming": 10.0, 
            "date": "2010-01-13", 
            "remaining": 0.0
        }
    }, 
    {
        "pk": 69, 
        "model": "django_stock.report", 
        "fields": {
            "product": 4, 
            "consumption": 10.0, 
            "reporter": 1, 
            "warning": false, 
            "place": 21, 
            "incomming": 10.0, 
            "date": "2010-01-14", 
            "remaining": 0.0
        }
    }, 
    {
        "pk": 70, 
        "model": "django_stock.report", 
        "fields": {
            "product": 1, 
            "consumption": 10.0, 
            "reporter": 1, 
            "warning": false, 
            "place": 14, 
            "incomming": 20.0, 
            "date": "2010-01-15", 
            "remaining": 20.0
        }
    }, 
    {
        "pk": 71, 
        "model": "django_stock.report", 
        "fields": {
            "product": 2, 
            "consumption": 10.0, 
            "reporter": 1, 
            "warning": false, 
            "place": 14, 
            "incomming": 10.0, 
            "date": "2010-01-16", 
            "remaining": 15.0
        }
    }, 
    {
        "pk": 72, 
        "model": "django_stock.report", 
        "fields": {
            "product": 4, 
            "consumption": 15.0, 
            "reporter": 1, 
            "warning": false, 
            "place": 14, 
            "incomming": 15.0, 
            "date": "2010-01-14", 
            "remaining": 10.0
        }
    }, 
    {
        "pk": 73, 
        "model": "django_stock.report", 
        "fields": {
            "product": 1, 
            "consumption": 10.0, 
            "reporter": 1, 
            "warning": false, 
            "place": 18, 
            "incomming": 11.0, 
            "date": "2010-02-19", 
            "remaining": 16.0
        }
    }, 
    {
        "pk": 74, 
        "model": "django_stock.report", 
        "fields": {
            "product": 2, 
            "consumption": 10.0, 
            "reporter": 1, 
            "warning": false, 
            "place": 18, 
            "incomming": 10.0, 
            "date": "2010-03-16", 
            "remaining": 20.0
        }
    }, 
    {
        "pk": 75, 
        "model": "django_stock.report", 
        "fields": {
            "product": 4, 
            "consumption": 10.0, 
            "reporter": 1, 
            "warning": false, 
            "place": 18, 
            "incomming": 10.0, 
            "date": "2010-03-17", 
            "remaining": 30.0
        }
    }, 
    {
        "pk": 76, 
        "model": "django_stock.report", 
        "fields": {
            "product": 1, 
            "consumption": 9.0, 
            "reporter": 1, 
            "warning": false, 
            "place": 19, 
            "incomming": 10.0, 
            "date": "2010-01-10", 
            "remaining": 61.0
        }
    }, 
    {
        "pk": 77, 
        "model": "django_stock.report", 
        "fields": {
            "product": 2, 
            "consumption": 8.0, 
            "reporter": 1, 
            "warning": false, 
            "place": 19, 
            "incomming": 10.0, 
            "date": "2010-02-15", 
            "remaining": 32.0
        }
    }, 
    {
        "pk": 78, 
        "model": "django_stock.report", 
        "fields": {
            "product": 4, 
            "consumption": 5.0, 
            "reporter": 1, 
            "warning": false, 
            "place": 19, 
            "incomming": 10.0, 
            "date": "2010-02-16", 
            "remaining": 15.0
        }
    }, 
    {
        "pk": 79, 
        "model": "django_stock.report", 
        "fields": {
            "product": 1, 
            "consumption": 10.0, 
            "reporter": 1, 
            "warning": false, 
            "place": 20, 
            "incomming": 20.0, 
            "date": "2010-01-10", 
            "remaining": 14.0
        }
    }, 
    {
        "pk": 80, 
        "model": "django_stock.report", 
        "fields": {
            "product": 2, 
            "consumption": 10.0, 
            "reporter": 1, 
            "warning": false, 
            "place": 20, 
            "incomming": 20.0, 
            "date": "2010-02-01", 
            "remaining": 15.0
        }
    }, 
    {
        "pk": 81, 
        "model": "django_stock.report", 
        "fields": {
            "product": 4, 
            "consumption": 10.0, 
            "reporter": 1, 
            "warning": false, 
            "place": 20, 
            "incomming": 20.0, 
            "date": "2010-03-02", 
            "remaining": 25.0
        }
    }, 
    {
        "pk": 82, 
        "model": "django_stock.report", 
        "fields": {
            "product": 4, 
            "consumption": 10.0, 
            "reporter": 1, 
            "warning": false, 
            "place": 4, 
            "incomming": 10.0, 
            "date": "2010-07-28", 
            "remaining": 15.0
        }
    }, 
    {
        "pk": 83, 
        "model": "django_stock.report", 
        "fields": {
            "product": 4, 
            "consumption": 30.0, 
            "reporter": 1, 
            "warning": false, 
            "place": 22, 
            "incomming": 40.0, 
            "date": "2010-01-05", 
            "remaining": 10.0
        }
    }, 
    {
        "pk": 84, 
        "model": "django_stock.report", 
        "fields": {
            "product": 2, 
            "consumption": 20.0, 
            "reporter": 1, 
            "warning": false, 
            "place": 22, 
            "incomming": 20.0, 
            "date": "2010-01-03", 
            "remaining": 0.0
        }
    }, 
    {
        "pk": 85, 
        "model": "django_stock.report", 
        "fields": {
            "product": 1, 
            "consumption": 30.0, 
            "reporter": 1, 
            "warning": false, 
            "place": 21, 
            "incomming": 30.0, 
            "date": "2010-02-03", 
            "remaining": 15.0
        }
    }, 
    {
        "pk": 86, 
        "model": "django_stock.report", 
        "fields": {
            "product": 2, 
            "consumption": 5.0, 
            "reporter": 1, 
            "warning": false, 
            "place": 21, 
            "incomming": 10.0, 
            "date": "2010-02-05", 
            "remaining": 5.0
        }
    }, 
    {
        "pk": 87, 
        "model": "django_stock.report", 
        "fields": {
            "product": 4, 
            "consumption": 10.0, 
            "reporter": 1, 
            "warning": false, 
            "place": 21, 
            "incomming": 20.0, 
            "date": "2010-02-09", 
            "remaining": 10.0
        }
    }, 
    {
        "pk": 88, 
        "model": "django_stock.report", 
        "fields": {
            "product": 1, 
            "consumption": 10.0, 
            "reporter": 1, 
            "warning": false, 
            "place": 14, 
            "incomming": 20.0, 
            "date": "2010-01-01", 
            "remaining": 10.0
        }
    }, 
    {
        "pk": 89, 
        "model": "django_stock.report", 
        "fields": {
            "product": 2, 
            "consumption": 15.0, 
            "reporter": 1, 
            "warning": false, 
            "place": 14, 
            "incomming": 20.0, 
            "date": "2010-01-02", 
            "remaining": 10.0
        }
    }, 
    {
        "pk": 90, 
        "model": "django_stock.report", 
        "fields": {
            "product": 4, 
            "consumption": 15.0, 
            "reporter": 1, 
            "warning": false, 
            "place": 14, 
            "incomming": 20.0, 
            "date": "2010-01-03", 
            "remaining": 10.0
        }
    }, 
    {
        "pk": 91, 
        "model": "django_stock.report", 
        "fields": {
            "product": 1, 
            "consumption": 15.0, 
            "reporter": 1, 
            "warning": false, 
            "place": 18, 
            "incomming": 15.0, 
            "date": "2010-03-01", 
            "remaining": 16.0
        }
    }, 
    {
        "pk": 92, 
        "model": "django_stock.report", 
        "fields": {
            "product": 2, 
            "consumption": 20.0, 
            "reporter": 1, 
            "warning": true, 
            "place": 18, 
            "incomming": 25.0, 
            "date": "2010-03-13", 
            "remaining": 20.0
        }
    }, 
    {
        "pk": 93, 
        "model": "django_stock.report", 
        "fields": {
            "product": 4, 
            "consumption": 20.0, 
            "reporter": 1, 
            "warning": true, 
            "place": 18, 
            "incomming": 20.0, 
            "date": "2010-03-14", 
            "remaining": 30.0
        }
    }, 
    {
        "pk": 94, 
        "model": "django_stock.report", 
        "fields": {
            "product": 1, 
            "consumption": 20.0, 
            "reporter": 1, 
            "warning": true, 
            "place": 19, 
            "incomming": 20.0, 
            "date": "2010-03-05", 
            "remaining": 61.0
        }
    }, 
    {
        "pk": 95, 
        "model": "django_stock.report", 
        "fields": {
            "product": 2, 
            "consumption": 30.0, 
            "reporter": 1, 
            "warning": true, 
            "place": 19, 
            "incomming": 30.0, 
            "date": "2010-03-07", 
            "remaining": 32.0
        }
    }, 
    {
        "pk": 96, 
        "model": "django_stock.report", 
        "fields": {
            "product": 4, 
            "consumption": 20.0, 
            "reporter": 1, 
            "warning": true, 
            "place": 19, 
            "incomming": 30.0, 
            "date": "2010-03-08", 
            "remaining": 25.0
        }
    }, 
    {
        "pk": 97, 
        "model": "django_stock.report", 
        "fields": {
            "product": 1, 
            "consumption": 10.0, 
            "reporter": 1, 
            "warning": false, 
            "place": 20, 
            "incomming": 10.0, 
            "date": "2010-01-01", 
            "remaining": 4.0
        }
    }, 
    {
        "pk": 98, 
        "model": "django_stock.report", 
        "fields": {
            "product": 1, 
            "consumption": 20.0, 
            "reporter": 1, 
            "warning": true, 
            "place": 4, 
            "incomming": 20.0, 
            "date": "2010-02-10", 
            "remaining": 53.0
        }
    }, 
    {
        "pk": 99, 
        "model": "django_stock.report", 
        "fields": {
            "product": 2, 
            "consumption": 15.0, 
            "reporter": 1, 
            "warning": false, 
            "place": 4, 
            "incomming": 20.0, 
            "date": "2010-02-11", 
            "remaining": 55.0
        }
    }, 
    {
        "pk": 100, 
        "model": "django_stock.report", 
        "fields": {
            "product": 4, 
            "consumption": 20.0, 
            "reporter": 1, 
            "warning": true, 
            "place": 4, 
            "incomming": 20.0, 
            "date": "2010-02-12", 
            "remaining": 15.0
        }
    }, 
    {
        "pk": 101, 
        "model": "django_stock.report", 
        "fields": {
            "product": 1, 
            "consumption": 15.0, 
            "reporter": 1, 
            "warning": false, 
            "place": 22, 
            "incomming": 20.0, 
            "date": "2010-02-10", 
            "remaining": 45.0
        }
    }, 
    {
        "pk": 102, 
        "model": "django_stock.report", 
        "fields": {
            "product": 2, 
            "consumption": 10.0, 
            "reporter": 1, 
            "warning": false, 
            "place": 22, 
            "incomming": 20.0, 
            "date": "2010-02-11", 
            "remaining": 10.0
        }
    }, 
    {
        "pk": 103, 
        "model": "django_stock.report", 
        "fields": {
            "product": 4, 
            "consumption": 20.0, 
            "reporter": 1, 
            "warning": false, 
            "place": 22, 
            "incomming": 20.0, 
            "date": "2010-02-12", 
            "remaining": 30.0
        }
    }, 
    {
        "pk": 104, 
        "model": "django_stock.report", 
        "fields": {
            "product": 1, 
            "consumption": 40.0, 
            "reporter": 1, 
            "warning": true, 
            "place": 14, 
            "incomming": 40.0, 
            "date": "2010-02-10", 
            "remaining": 20.0
        }
    }, 
    {
        "pk": 105, 
        "model": "django_stock.report", 
        "fields": {
            "product": 2, 
            "consumption": 40.0, 
            "reporter": 1, 
            "warning": true, 
            "place": 14, 
            "incomming": 40.0, 
            "date": "2010-02-11", 
            "remaining": 15.0
        }
    }, 
    {
        "pk": 106, 
        "model": "django_stock.report", 
        "fields": {
            "product": 4, 
            "consumption": 40.0, 
            "reporter": 1, 
            "warning": true, 
            "place": 14, 
            "incomming": 40.0, 
            "date": "2010-02-11", 
            "remaining": 28.0
        }
    }, 
    {
        "pk": 107, 
        "model": "django_stock.report", 
        "fields": {
            "product": 1, 
            "consumption": 30.0, 
            "reporter": 1, 
            "warning": true, 
            "place": 18, 
            "incomming": 30.0, 
            "date": "2010-02-10", 
            "remaining": 15.0
        }
    }, 
    {
        "pk": 108, 
        "model": "django_stock.report", 
        "fields": {
            "product": 2, 
            "consumption": 30.0, 
            "reporter": 1, 
            "warning": true, 
            "place": 18, 
            "incomming": 30.0, 
            "date": "2010-02-11", 
            "remaining": 15.0
        }
    }, 
    {
        "pk": 109, 
        "model": "django_stock.report", 
        "fields": {
            "product": 4, 
            "consumption": 30.0, 
            "reporter": 1, 
            "warning": true, 
            "place": 18, 
            "incomming": 30.0, 
            "date": "2010-02-12", 
            "remaining": 30.0
        }
    }, 
    {
        "pk": 110, 
        "model": "django_stock.report", 
        "fields": {
            "product": 1, 
            "consumption": 30.0, 
            "reporter": 1, 
            "warning": true, 
            "place": 19, 
            "incomming": 30.0, 
            "date": "2010-02-10", 
            "remaining": 61.0
        }
    }, 
    {
        "pk": 111, 
        "model": "django_stock.report", 
        "fields": {
            "product": 2, 
            "consumption": 30.0, 
            "reporter": 1, 
            "warning": true, 
            "place": 19, 
            "incomming": 30.0, 
            "date": "2010-02-11", 
            "remaining": 30.0
        }
    }, 
    {
        "pk": 112, 
        "model": "django_stock.report", 
        "fields": {
            "product": 4, 
            "consumption": 20.0, 
            "reporter": 1, 
            "warning": true, 
            "place": 19, 
            "incomming": 20.0, 
            "date": "2010-02-12", 
            "remaining": 10.0
        }
    }, 
    {
        "pk": 113, 
        "model": "django_stock.report", 
        "fields": {
            "product": 1, 
            "consumption": 20.0, 
            "reporter": 1, 
            "warning": true, 
            "place": 20, 
            "incomming": 20.0, 
            "date": "2010-02-10", 
            "remaining": 14.0
        }
    }, 
    {
        "pk": 114, 
        "model": "django_stock.report", 
        "fields": {
            "product": 2, 
            "consumption": 30.0, 
            "reporter": 1, 
            "warning": true, 
            "place": 20, 
            "incomming": 30.0, 
            "date": "2010-02-11", 
            "remaining": 15.0
        }
    }, 
    {
        "pk": 115, 
        "model": "django_stock.report", 
        "fields": {
            "product": 4, 
            "consumption": 40.0, 
            "reporter": 1, 
            "warning": true, 
            "place": 20, 
            "incomming": 40.0, 
            "date": "2010-02-12", 
            "remaining": 15.0
        }
    }, 
    {
        "pk": 116, 
        "model": "django_stock.report", 
        "fields": {
            "product": 1, 
            "consumption": 10.0, 
            "reporter": 1, 
            "warning": false, 
            "place": 4, 
            "incomming": 10.0, 
            "date": "2009-12-12", 
            "remaining": 10.0
        }
    }, 
    {
        "pk": 117, 
        "model": "django_stock.report", 
        "fields": {
            "product": 2, 
            "consumption": 15.0, 
            "reporter": 1, 
            "warning": false, 
            "place": 4, 
            "incomming": 20.0, 
            "date": "2009-12-13", 
            "remaining": 15.0
        }
    }, 
    {
        "pk": 118, 
        "model": "django_stock.report", 
        "fields": {
            "product": 4, 
            "consumption": 20.0, 
            "reporter": 1, 
            "warning": true, 
            "place": 4, 
            "incomming": 30.0, 
            "date": "2010-01-01", 
            "remaining": 10.0
        }
    }, 
    {
        "pk": 119, 
        "model": "django_stock.report", 
        "fields": {
            "product": 1, 
            "consumption": 15.0, 
            "reporter": 1, 
            "warning": false, 
            "place": 22, 
            "incomming": 30.0, 
            "date": "2009-12-12", 
            "remaining": 15.0
        }
    }, 
    {
        "pk": 120, 
        "model": "django_stock.report", 
        "fields": {
            "product": 2, 
            "consumption": 10.0, 
            "reporter": 1, 
            "warning": false, 
            "place": 22, 
            "incomming": 10.0, 
            "date": "2009-12-13", 
            "remaining": 0.0
        }
    }, 
    {
        "pk": 121, 
        "model": "django_stock.report", 
        "fields": {
            "product": 4, 
            "consumption": 20.0, 
            "reporter": 1, 
            "warning": false, 
            "place": 22, 
            "incomming": 20.0, 
            "date": "2009-01-01", 
            "remaining": 0.0
        }
    }, 
    {
        "pk": 122, 
        "model": "django_stock.report", 
        "fields": {
            "product": 1, 
            "consumption": 15.0, 
            "reporter": 1, 
            "warning": false, 
            "place": 22, 
            "incomming": 20.0, 
            "date": "2009-12-12", 
            "remaining": 5.0
        }
    }, 
    {
        "pk": 123, 
        "model": "django_stock.report", 
        "fields": {
            "product": 1, 
            "consumption": 15.0, 
            "reporter": 1, 
            "warning": false, 
            "place": 21, 
            "incomming": 20.0, 
            "date": "2009-12-12", 
            "remaining": 5.0
        }
    }, 
    {
        "pk": 124, 
        "model": "django_stock.report", 
        "fields": {
            "product": 2, 
            "consumption": 10.0, 
            "reporter": 1, 
            "warning": false, 
            "place": 21, 
            "incomming": 10.0, 
            "date": "2009-12-13", 
            "remaining": 0.0
        }
    }, 
    {
        "pk": 125, 
        "model": "django_stock.report", 
        "fields": {
            "product": 4, 
            "consumption": 30.0, 
            "reporter": 1, 
            "warning": false, 
            "place": 21, 
            "incomming": 30.0, 
            "date": "2010-01-01", 
            "remaining": 0.0
        }
    }, 
    {
        "pk": 126, 
        "model": "django_stock.report", 
        "fields": {
            "product": 1, 
            "consumption": 15.0, 
            "reporter": 1, 
            "warning": false, 
            "place": 21, 
            "incomming": 20.0, 
            "date": "2010-07-16", 
            "remaining": 25.0
        }
    }
]
